future_goat_rank,player,age,team,production_z,ts_plus,production_score,efficiency_score,recognition_score,closest_goat,goat_similarity,adjusted_goat_similarity,future_goat_score,data_cutoff,model_version,trajectory_tier
1,Luka Dončić,25,DAL,3.2475266286899513,108.68054145718486,93.21031861801802,41.955715286528346,94.36,LeBron James,62.1319451821788,47.53632985480062,73.83298981615847,2023-24,V2,Elite historical trajectory
2,Shai Gilgeous-Alexander,25,OKC,1.9973845315220913,111.93065777852694,43.20463473130363,52.789436357668606,43.84,Larry Bird,53.081957630859414,24.742220789651356,42.99031436382113,2023-24,V2,Emerging trajectory
3,Jayson Tatum,26,BOS,1.9338069530830717,106.34389056062984,42.23450589048646,37.6689728574469,58.22,Larry Bird,51.134334685918326,23.54284063426717,42.28574637117206,2023-24,V2,Emerging trajectory
4,Devin Booker,27,PHX,1.8113456645526511,107.59741461967987,37.90242391965063,45.23991946417472,24.32,Larry Bird,34.356048559651946,12.30660495876232,32.501818981735745,2023-24,V2,Developing trajectory
5,Jalen Duren,20,DET,1.2123611557204674,115.01356324719754,25.129068497565903,76.93723063381636,0.0,Magic Johnson,70.70381989430832,24.054924103546167,31.63772024813408,2023-24,V2,Developing trajectory
6,Tyrese Haliburton,24,IND,1.943184624127832,106.5128108154092,47.45783535728608,43.87873984336286,5.0,Michael Jordan,56.84881640191022,18.25540092123503,31.5682374740761,2023-24,V2,Developing trajectory
7,Zion Williamson,23,NOP,1.4251994526726375,107.46461533334244,31.422715861686214,57.332655879135594,0.0,Larry Bird,63.667884516930414,18.836222527506237,28.15654790050001,2023-24,V2,Developing trajectory
8,Dereck Lively II,20,DAL,0.11622309020387606,128.19654277782212,0.0,100.0,0.0,Magic Johnson,35.94973796972923,11.983245989909744,26.79748689848646,2023-24,V2,Developing trajectory
9,Isaiah Jackson,22,IND,-0.4297089411950979,121.32144454670654,0.0,100.0,0.0,Michael Jordan,31.425895717181618,10.475298572393873,26.57129478585908,2023-24,V2,Developing trajectory
10,Daniel Gafford,25,TOT,0.40960160190820893,128.6368209526979,0.0,100.0,0.0,Magic Johnson,28.405968634423257,9.46865621147442,26.420298431721164,2023-24,V2,Developing trajectory
11,Evan Mobley,23,CLE,1.1643349579613669,110.1620475801213,20.98813607323539,66.32409670173179,0.0,Kareem Abdul-Jabbar,55.07779127028844,16.02988310707493,26.33135426712657,2023-24,V2,Developing trajectory
12,Nick Richards,26,CHA,0.2747894526348844,126.20060208464194,0.0,100.0,0.0,Magic Johnson,24.603516797721962,8.201172265907323,26.230175839886098,2023-24,V2,Developing trajectory
13,Jaxson Hayes,24,LAL,-0.726600876639778,126.35476720523174,0.0,100.0,0.0,Magic Johnson,24.502126020346257,8.16737534011542,26.225106301017313,2023-24,V2,Developing trajectory
14,Anthony Edwards,22,MIN,1.5763032928802208,101.28891575933345,37.76879189310662,38.372975054308064,5.36,LeBron James,48.187307664879,13.091169063754458,26.1159962857275,2023-24,V2,Developing trajectory
15,Bol Bol,24,PHX,-0.6663853884583006,123.1747333880636,0.0,99.41848175221088,0.0,Michael Jordan,25.30008029144713,8.384318569282357,26.112268223445074,2023-24,V2,Developing trajectory
16,Onyeka Okongwu,23,ATL,0.23487197066258517,118.69265990546936,0.0,94.75947111955865,0.0,Kareem Abdul-Jabbar,36.66915142986863,11.582497986324531,25.427242477838345,2023-24,V2,Developing trajectory
17,Jarrett Allen,26,CLE,1.285275399567477,116.88454712281975,16.293243749862675,72.80449473141327,0.0,Magic Johnson,28.71551922001034,8.528292739395114,25.18300290621452,2023-24,V2,Developing trajectory
18,Trae Young,25,ATL,2.1101994965145834,102.99552286180538,47.717233331003314,23.005653301930096,5.0,Larry Bird,37.889569145137976,9.563691829826581,25.136998765807668,2023-24,V2,Developing trajectory
19,Trayce Jackson-Davis,24,GSW,-0.14844000505496038,121.85298286369431,0.0,95.01264667097989,0.0,Michael Jordan,28.305880465550313,8.964722064614412,25.097869977437135,2023-24,V2,Developing trajectory
20,Scottie Barnes,22,TOR,1.7114761408275205,99.61173499213223,43.175705810998615,32.782372496970666,0.0,LeBron James,45.421364104929246,11.50039843845667,25.03214992386068,2023-24,V2,Developing trajectory
21,Victor Wembanyama,20,SAS,1.7647802257591656,99.42335485419854,47.22583129911383,24.969869323819673,0.0,LeBron James,49.10037626741859,11.816120218253138,24.543926318382727,2023-24,V2,Developing trajectory
22,Jalen Brunson,27,NYK,1.7622221936888873,104.30649142258046,35.93748508510008,34.27017547384338,7.88,Larry Bird,30.354329468339845,7.90099525339352,24.3008129362549,2023-24,V2,Developing trajectory
23,Walker Kessler,22,UTA,0.13242061420521553,116.63743451219246,0.0,89.53470423050476,0.0,Michael Jordan,39.00757891265117,11.641773468974321,24.129942077972338,2023-24,V2,Developing trajectory
24,Chet Holmgren,22,OKC,0.9129989709968505,111.21712269944928,11.236619017771812,71.4669981880275,0.0,Michael Jordan,54.52227873637235,15.030632232669433,24.054161038127425,2023-24,V2,Developing trajectory
25,Jericho Sims,25,NYK,-0.8164247727911574,123.52218671907067,0.0,91.42786615948107,0.0,Magic Johnson,23.970300070155897,7.305177955389377,23.952743233178673,2023-24,V2,Developing trajectory
26,Jalen Smith,24,IND,0.0011638215394274842,120.02408022858408,0.0,88.9163045539458,0.0,Michael Jordan,29.969372675081953,8.88255289356096,23.561459072520595,2023-24,V2,Developing trajectory
27,Tyrese Maxey,23,PHI,1.5212307920936177,100.83121363595862,35.26396943852542,35.221316887856204,0.0,Larry Bird,65.42053983539215,15.370618273080236,23.453311266409983,2023-24,V2,Developing trajectory
28,Donovan Mitchell,27,CLE,1.7157639164588645,104.7892670975967,34.07915399589917,35.87942772389752,5.6,Larry Bird,29.797109450790973,7.504757764837718,23.423274494264746,2023-24,V2,Developing trajectory
29,Alperen Sengun,21,HOU,1.7557035290906056,103.05273396118939,31.671371783527213,40.0532180485132,0.0,Magic Johnson,48.97948959347004,11.710112670914434,22.854801536999993,2023-24,V2,Developing trajectory
30,Moritz Wagner,27,ORL,-0.06290396952884626,119.05377466062035,0.0,83.42778626730966,0.0,Michael Jordan,23.776638937706252,6.612107838166498,21.84876274255239,2023-24,V2,Developing trajectory
31,Jalen Williams,23,OKC,0.8959261659935707,109.39897986726277,10.25178439452354,63.78053765887003,0.0,Larry Bird,51.35471034098933,12.67302818307621,21.434213180262176,2023-24,V2,Developing trajectory
32,Ivica Zubac,27,LAC,0.6225183666699526,118.04987768294896,0.0,80.08146300840502,0.0,Michael Jordan,25.90130852926305,6.914048936184881,21.057473092528987,2023-24,V2,Developing trajectory
33,Obi Toppin,26,IND,-0.09479975912251457,119.10654224261667,0.0,80.21114513073631,0.0,Magic Johnson,24.46014860158377,6.5399217646700425,21.033774547384585,2023-24,V2,Developing trajectory
34,Lauri Markkanen,27,UTA,1.2714124714258663,111.17264301558684,16.305096194579242,57.157347450531304,0.0,Kareem Abdul-Jabbar,27.512536642721457,6.737127242166546,21.00668961706054,2023-24,V2,Developing trajectory
35,Cade Cunningham,22,DET,1.609964310030926,96.05167373060955,39.11523257913483,20.915501625228405,0.0,LeBron James,41.26207267885886,8.256641725685649,20.157703067857142,2023-24,V2,Developing trajectory
36,Isaiah Hartenstein,26,NYK,0.4614100830342296,118.01828441456202,0.0,76.58361903722081,0.0,Magic Johnson,26.34504544898953,6.72532974727894,20.154704221397044,2023-24,V2,Developing trajectory
37,Garrison Mathews,27,ATL,-0.8808431711523046,117.01353860292825,0.0,76.626999408336,0.0,Kareem Abdul-Jabbar,21.378742057475097,5.460629516630376,19.975844279578556,2023-24,V2,Developing trajectory
38,Jalen Johnson,22,ATL,1.1672233052351553,102.8702900666969,21.405592387304004,43.644222745519556,0.0,Michael Jordan,47.81040287500649,10.366859561483293,19.958041956158784,2023-24,V2,Developing trajectory
39,James Wiseman,23,DET,-0.2135765661858224,112.20490175329721,0.0,73.13361061231817,0.0,Larry Bird,34.9519936828802,8.520551653759883,19.561485401143525,2023-24,V2,Developing trajectory
40,Cam Whitmore,19,HOU,-0.11757114974489327,98.71640959476862,0.0,72.2764454064782,0.0,LeBron James,38.745747994306946,9.334683132145628,19.469313821441396,2023-24,V2,Developing trajectory
41,GG Jackson,19,MEM,0.12850406223561253,97.6140152129472,0.0,68.60179746707345,0.0,LeBron James,42.34439286423798,9.683004877128814,18.602900098337685,2023-24,V2,Developing trajectory
42,Aaron Wiggins,25,OKC,-0.5528865686436301,116.86375054917161,0.0,69.2330789264842,0.0,Magic Johnson,25.015557639709293,5.773013588200027,18.17422176985105,2023-24,V2,Developing trajectory
43,Deni Avdija,23,WAS,0.9296413277740863,105.07986910358709,11.600390865744163,49.3835017799511,0.0,Larry Bird,56.67922790553562,11.521733166106932,18.13427222291427,2023-24,V2,Developing trajectory
44,Drew Eubanks,27,PHX,-0.46606331165067216,113.50269145750846,0.0,64.92417559027004,0.0,Kareem Abdul-Jabbar,22.64136935615829,4.8999074656112676,16.9660300174092,2023-24,V2,Developing trajectory
45,Bilal Coulibaly,19,WAS,-0.15395567151886907,95.63807630212814,0.0,62.01533443100994,0.0,LeBron James,38.3237892657933,7.922208693272401,16.692164911743344,2023-24,V2,Developing trajectory
46,Bam Adebayo,26,MIA,1.613128141702763,101.3471292558018,29.407353435274107,21.013101841353432,0.0,Larry Bird,28.615350686045286,4.809330031635865,16.267248667429676,2023-24,V2,Developing trajectory
47,De'Aaron Fox,26,SAC,1.5883785578622243,99.73557290311629,28.41737008165256,15.641247332401727,5.04,Larry Bird,29.093499498872855,4.761502003770462,15.830616662244397,2023-24,V2,Developing trajectory
48,Aaron Nesmith,24,IND,-0.002753631967546688,111.02887654679776,0.0,58.93229228132474,0.0,Michael Jordan,33.06381679156676,6.49508838365595,15.707336327879577,2023-24,V2,Developing trajectory
49,Franz Wagner,22,ORL,0.9753863580783155,101.16847906627142,13.732114501030415,37.971519410767954,0.0,Michael Jordan,43.09026045935227,7.426410173181301,15.413081454029829,2023-24,V2,Developing trajectory
50,Trendon Watford,23,BKN,-0.4426154631231983,107.51506798341974,0.0,57.50083137939328,0.0,Larry Bird,34.50993996667088,6.614500796455091,15.367382964316585,2023-24,V2,Developing trajectory
51,Goga Bitadze,24,ORL,-0.3605413878404071,110.70506363869363,0.0,57.85291592097763,0.0,Michael Jordan,30.314686735785592,5.845976742987266,15.340125491692497,2023-24,V2,Developing trajectory
52,Jamal Murray,27,DEN,1.3434277188998416,103.12357581584739,19.18570609353825,30.327123451399796,0.0,Larry Bird,28.033770784698095,4.62677104788207,14.990793652770646,2023-24,V2,Developing trajectory
53,Keon Ellis,24,SAC,-0.6075596134404349,110.2955745845359,0.0,56.487952407118534,0.0,Michael Jordan,28.645143634955115,5.393685034488064,14.931040856952842,2023-24,V2,Developing trajectory
54,Isaiah Joe,24,OKC,-0.46556657193693984,110.2280421639365,0.0,56.262844338453846,0.0,Michael Jordan,29.614602466890084,5.554005895799427,14.898811968983376,2023-24,V2,Developing trajectory
55,Desmond Bane,26,MEM,1.3709911768399827,103.63104648917776,19.7218748407629,28.626159285939963,0.0,Larry Bird,28.69396280280945,4.624322309401913,14.752844362162293,2023-24,V2,Developing trajectory
56,Jalen Suggs,23,ORL,0.11641084055150633,106.05856364784358,0.0,52.64581692747276,0.0,Larry Bird,41.41692466913111,7.268092779433356,14.251668148783192,2023-24,V2,Developing trajectory
57,Cason Wallace,20,OKC,-0.5160582253399467,107.75267135173144,0.0,52.734257648929336,0.0,Magic Johnson,32.63429156827406,5.736483799172155,14.044036982108157,2023-24,V2,Developing trajectory
58,Herbert Jones,25,NOP,0.07250936463382207,112.0501854102967,0.0,53.18786179690117,0.0,Larry Bird,27.993207881981675,4.9629962402625525,14.041414885264675,2023-24,V2,Developing trajectory
59,Paolo Banchero,21,ORL,1.6032713241080443,96.06612609440892,25.57408358422476,16.764525159244954,0.0,Magic Johnson,36.59617886694611,5.164770995178888,13.916776193566736,2023-24,V2,Developing trajectory
60,Isaiah Stewart,23,DET,0.28995513306233556,105.56881529345867,0.0,51.013322412856375,0.0,Larry Bird,44.111195928066245,7.500862199650403,13.878459933161654,2023-24,V2,Developing trajectory
61,Sam Hauser,26,BOS,-0.30223604687244965,110.65817654094681,0.0,52.04992612517013,0.0,Larry Bird,24.074047830066043,4.176841370295833,13.639007736836907,2023-24,V2,Developing trajectory
62,Rui Hachimura,26,LAL,0.09444193797220993,110.54372287758336,0.0,51.66841391395863,0.0,Larry Bird,25.405724756214934,4.375578341627397,13.573440229733768,2023-24,V2,Developing trajectory
63,Isaac Okoro,23,CLE,-0.20821048695774108,105.40991871289305,0.0,50.48366714430429,0.0,Larry Bird,37.383593731242335,6.290869675286461,13.564547237369043,2023-24,V2,Developing trajectory
64,Day'Ron Sharpe,22,BKN,-0.015399818928972936,104.93375419459443,0.0,50.52243650517799,0.0,Michael Jordan,36.24561451561561,6.1040558598544905,13.546217505272672,2023-24,V2,Developing trajectory
65,Vince Williams Jr.,23,MEM,0.3808916312803924,105.13520140438382,0.0,49.56794278260688,0.0,Larry Bird,45.68459516926054,7.548304664654884,13.524231395349952,2023-24,V2,Developing trajectory
66,Devin Vassell,23,SAS,0.8291377903015362,101.75667427816329,7.580249366842162,38.3061856952051,0.0,Larry Bird,53.73041802504208,8.21832445854249,13.462382370977407,2023-24,V2,Developing trajectory
67,Dejounte Murray,27,ATL,1.5624850395044731,97.76737434837489,27.947998917723517,12.473118559824787,0.0,Larry Bird,27.71821922852072,3.734671319014915,13.460279959011663,2023-24,V2,Developing trajectory
68,Andre Jackson Jr.,22,MIL,-0.9186437966600716,104.9491896723355,0.0,50.57388809764826,0.0,Michael Jordan,28.673343199498905,4.833741501189737,13.368533249590525,2023-24,V2,Developing trajectory
69,AJ Green,24,MIL,-0.9412089146999338,108.5427288080802,0.0,50.6451331522662,0.0,Michael Jordan,26.662836216337904,4.501142967978328,13.336454733263299,2023-24,V2,Developing trajectory
70,Nic Claxton,25,BKN,0.8344557435115909,110.77955502278556,0.0,48.95242717186401,0.0,Larry Bird,31.937162961665862,5.211338813189669,13.019807614944453,2023-24,V2,Developing trajectory
71,Trey Murphy III,24,NOP,0.392210093917669,107.81355875827445,0.0,48.214566319580385,0.0,Michael Jordan,37.06067497361564,5.956214571212681,12.947073765576999,2023-24,V2,Developing trajectory
72,Marvin Bagley III,25,TOT,0.2078646944836101,110.73148602415644,0.0,48.79219717643361,0.0,Larry Bird,28.867074698662076,4.694960002013192,12.90229329441038,2023-24,V2,Developing trajectory
73,Jaylen Brown,27,BOS,1.1695338597659481,102.10158848904163,12.229951728182513,26.92049902871394,5.0,Larry Bird,28.52479771024616,4.197942255522185,12.890299200370693,2023-24,V2,Developing trajectory
74,Jonathan Kuminga,21,GSW,0.45757900155701925,105.24910968842718,0.0,47.37447047263918,0.0,Magic Johnson,36.59453961797923,5.778823121972605,12.710441086455686,2023-24,V2,Developing trajectory
75,John Collins,26,UTA,0.6936900678506422,109.25743889262114,0.0,47.38080063075121,0.0,Larry Bird,27.3773001881711,4.323861340079874,12.493779358699785,2023-24,V2,Developing trajectory
76,Terance Mann,27,LAC,-0.2442910247249821,108.30053049772562,0.0,47.58363905766056,0.0,Larry Bird,23.560967330758416,3.737055217720469,12.45646804707321,2023-24,V2,Developing trajectory
77,MarJon Beauchamp,23,MIL,-0.8148484076451019,104.15460801019537,0.0,46.29929813531206,0.0,Larry Bird,31.45260171670317,4.854111280042893,12.302941225834449,2023-24,V2,Developing trajectory
78,Brandon Ingram,26,NOP,1.3115897922912398,101.76950834157263,17.345819458813185,22.421032127256193,0.0,Larry Bird,28.221527901383233,3.7409377052880766,12.237435498191875,2023-24,V2,Developing trajectory
79,Miles McBride,23,NYK,-0.5005938316210499,103.92629666267533,0.0,45.538260310245235,0.0,Larry Bird,34.313426263822876,5.208579124461239,12.165851946230495,2023-24,V2,Developing trajectory
80,Wendell Carter Jr.,25,ORL,0.35074223843608415,109.67406308429351,0.0,45.26745404355717,0.0,Larry Bird,29.731045916594958,4.4861625156545015,11.989787888237469,2023-24,V2,Developing trajectory
81,Josh Green,23,DAL,-0.18820364082773203,103.44487237087601,0.0,43.93351267091418,0.0,Larry Bird,37.686332333704755,5.518976530343669,11.811224647280095,2023-24,V2,Developing trajectory
82,Chimezie Metu,27,TOT,-0.4319795757134843,107.37665640864846,0.0,44.50405876073669,0.0,Larry Bird,23.03274753609949,3.4168358325592827,11.638540065068065,2023-24,V2,Developing trajectory
83,Austin Reaves,26,LAL,0.894185507440296,107.98531601103691,0.6496480647754321,43.14039102547047,0.0,Larry Bird,27.960331275099193,4.081279998376063,11.624666578795429,2023-24,V2,Developing trajectory
84,Ayo Dosunmu,24,CHI,0.1356707736523636,106.29016930275831,0.0,43.13660146785992,0.0,Michael Jordan,34.50966715028131,4.962099195500606,11.52846524629007,2023-24,V2,Developing trajectory
85,Corey Kispert,25,WAS,0.011423271990492055,109.12614504717976,0.0,43.441060586511355,0.0,Larry Bird,28.091378614692978,4.06773093453169,11.470424786807593,2023-24,V2,Developing trajectory
86,RJ Barrett,24,TOT,0.9549397616390727,102.16548123439352,7.9280408577356996,29.387641239977285,0.0,Larry Bird,41.692794186824855,5.185983512136441,10.899622137022282,2023-24,V2,Developing trajectory
87,Coby White,24,CHI,1.0592428975551686,100.36775230635459,12.100166294379537,23.3952114798475,0.0,Larry Bird,42.47050745322745,5.025022354384777,10.83761442615243,2023-24,V2,Developing trajectory
88,Jonathan Isaac,26,ORL,-0.3910866092951563,107.40509455495103,0.0,41.206319505184204,0.0,Larry Bird,23.794500081668744,3.268279242771246,10.791821762711738,2023-24,V2,Developing trajectory
89,Amir Coffey,27,LAC,-0.6091220556370331,106.34234881431297,0.0,41.0563667796184,0.0,Larry Bird,22.525733326706398,3.0827492314704386,10.726504079625165,2023-24,V2,Developing trajectory
90,Bruno Fernando,25,ATL,-0.36674628046999314,108.28163317954417,0.0,40.62602102772606,0.0,Larry Bird,26.33162099227394,3.5658299604207806,10.691379750994633,2023-24,V2,Developing trajectory
91,Moses Moody,22,GSW,-0.4503137958315854,101.7882727261477,0.0,40.03749827702222,0.0,Michael Jordan,30.978493621649406,4.134337950005107,10.629525261756323,2023-24,V2,Developing trajectory
92,Malik Beasley,27,MIL,-0.0967320345368926,106.11938309981193,0.0,40.31314773128159,0.0,Larry Bird,24.114754814647256,3.2404722444883625,10.564357769493652,2023-24,V2,Developing trajectory
93,Deandre Ayton,25,POR,1.196119746605647,103.32390733518262,11.154043334645856,24.10026821318757,0.0,Larry Bird,33.94784146504224,3.9893592646168563,10.52738611011547,2023-24,V2,Developing trajectory
94,Jared Butler,23,WAS,-0.3908864904059153,101.8897300998768,0.0,38.749705100916806,0.0,Larry Bird,35.28201639714392,4.557225769183461,10.371010140606721,2023-24,V2,Developing trajectory
95,Tyler Herro,24,MIA,1.154567656030085,98.25999096337719,15.913156633376193,16.36934033658951,0.0,Larry Bird,42.5165335316566,4.5751328830304985,10.34820983828362,2023-24,V2,Developing trajectory
96,Nikola Jović,21,MIA,-0.15400041374034246,102.70515279573517,0.0,38.894614163665814,0.0,Magic Johnson,30.154739915409937,3.9095232473852075,10.310082028024235,2023-24,V2,Developing trajectory
97,Naz Reid,24,MIN,0.21857833816632108,104.7297875328118,0.0,37.93532890137153,0.0,Michael Jordan,35.041876498637365,4.4310837009901665,10.148494780491406,2023-24,V2,Developing trajectory
98,Caleb Houstan,21,ORL,-0.9253471519499188,102.41820752198885,0.0,37.938129917844726,0.0,Magic Johnson,25.369731789148986,3.208267268658698,9.965772569759986,2023-24,V2,Developing trajectory
99,Jaime Jaquez Jr.,23,MIA,0.14686914642424123,101.10133475168128,0.0,36.12172060693173,0.0,Larry Bird,41.582710123665315,5.006796790553567,9.781449670315968,2023-24,V2,Developing trajectory
100,Dean Wade,27,CLE,-0.48524535560396476,105.21971922993978,0.0,37.31426816504111,0.0,Larry Bird,22.924052404553315,2.8513141295098596,9.756264160686758,2023-24,V2,Developing trajectory
101,Donte DiVincenzo,27,NYK,0.35794079387532096,105.12724568541243,0.0,37.00602301661661,0.0,Larry Bird,25.533410498158563,3.14963325529192,9.72395074244794,2023-24,V2,Developing trajectory
102,Tre Jones,24,SAS,0.5945391349949294,104.10130221973178,0.0,35.84037785777146,0.0,Michael Jordan,38.55979837907409,4.606659146751663,9.651093336455613,2023-24,V2,Developing trajectory
103,Collin Sexton,25,UTA,0.7627134119241358,106.87667488321839,0.0,35.942826706640105,0.0,Larry Bird,32.084755958996965,3.8440560778635544,9.56231508833956,2023-24,V2,Developing trajectory
104,Michael Porter Jr.,26,DEN,0.662719080633132,105.87117863655007,0.0,36.093266443847654,0.0,Larry Bird,27.17235299194345,3.2691299214816527,9.513686099184161,2023-24,V2,Developing trajectory
105,Jalen Green,22,HOU,0.9235011899885095,95.3116625570253,11.656707777438173,18.448797713280907,0.0,LeBron James,36.24117980525798,3.6368634587244384,9.237576669232253,2023-24,V2,Developing trajectory
106,Jaden McDaniels,23,MIN,-0.20494088853385217,100.53925879959533,0.0,34.24813409997858,0.0,Larry Bird,37.01156048144776,4.2252562887269685,9.19582196830369,2023-24,V2,Developing trajectory
107,Amen Thompson,21,HOU,0.3663649301996231,101.3411255198228,0.0,34.347856577291225,0.0,Magic Johnson,33.43828050997698,3.828444210493072,9.161230775896767,2023-24,V2,Developing trajectory
108,Keegan Murray,23,SAC,0.4087693559552939,100.20099622386458,0.0,33.120592180876066,0.0,Larry Bird,45.01700116984232,4.969965789841227,9.0256429136952,2023-24,V2,Developing trajectory
109,Derrick Jones Jr.,27,DAL,-0.3574901999560798,104.23022984251615,0.0,34.01597020696234,0.0,Larry Bird,23.320293801962983,2.6442080639506047,8.900623761333177,2023-24,V2,Developing trajectory
110,Julian Champagnie,23,SAS,-0.4658796185910708,100.2612188538206,0.0,33.32133428072945,0.0,Larry Bird,34.22764846988287,3.8017030543608836,8.900589028336496,2023-24,V2,Developing trajectory
111,Payton Pritchard,26,BOS,0.07147089160264267,105.01802300175736,0.0,33.24941432787194,0.0,Larry Bird,25.214251292621878,2.7945302939848844,8.731533126065717,2023-24,V2,Developing trajectory
112,Cam Thomas,22,BKN,0.7497133272045295,97.57215086798122,4.705193266078975,25.983758749800646,0.0,Michael Jordan,36.74570123827282,3.7589568736373433,8.706600861623404,2023-24,V2,Developing trajectory
113,Taylor Hendricks,20,UTA,-0.29831951476194984,101.6882079193643,0.0,32.519379541038894,0.0,Magic Johnson,30.93971981610531,3.3538016386444354,8.63291513105639,2023-24,V2,Developing trajectory
114,OG Anunoby,26,TOT,0.2857408725330382,104.71443705747248,0.0,32.237461180255686,0.0,Larry Bird,25.887349552267114,2.781808087503068,8.476636508189381,2023-24,V2,Developing trajectory
115,De'Andre Hunter,26,ATL,0.21412602288711097,104.67737849891259,0.0,32.11393265172271,0.0,Larry Bird,25.652100582379095,2.7459661015924643,8.440378078169548,2023-24,V2,Developing trajectory
116,Jabari Smith Jr.,21,HOU,0.6408357485898658,100.49868293297071,0.0,31.539714621117604,0.0,Magic Johnson,35.07008406440561,3.687001477099857,8.43797887684438,2023-24,V2,Developing trajectory
117,Bennedict Mathurin,22,IND,0.23332630689809836,98.93859264385726,0.0,30.538564669387448,0.0,Michael Jordan,34.41233240683242,3.503010795435031,8.160092786662117,2023-24,V2,Developing trajectory
118,Haywood Highsmith,27,MIA,-0.5072983099013371,103.37927347930172,0.0,31.179448996247555,0.0,Larry Bird,22.846118878983297,2.3744313278315605,8.151026948236623,2023-24,V2,Developing trajectory
119,Darius Garland,24,CLE,0.9832721047195475,98.57040078879815,9.061334580954696,17.40403975465938,0.0,Larry Bird,41.17882498082894,3.6327100593945802,8.067383550908175,2023-24,V2,Developing trajectory
120,Jaylin Williams,22,OKC,-0.5237841243303003,98.74143913146978,0.0,29.881386294762486,0.0,Michael Jordan,29.131596899375655,2.9016416677784966,7.905592823857396,2023-24,V2,Developing trajectory
121,Miles Bridges,26,CHA,1.2436308450547067,97.89790330394432,14.627461569351857,9.51568200182848,0.0,Larry Bird,27.097432040200022,2.1807239738561712,7.825640645808695,2023-24,V2,Developing trajectory
122,Anfernee Simons,25,POR,1.2165269757493173,99.91683864888617,11.970332500392669,12.743372592199384,0.0,Larry Bird,33.16766182078333,2.732319376165546,7.785307429612112,2023-24,V2,Developing trajectory
123,KJ Martin,23,TOT,-0.8069259598066073,99.06123642023613,0.0,29.321392835447902,0.0,Larry Bird,30.982195290830184,3.0281370634233196,7.784568768375474,2023-24,V2,Developing trajectory
124,Bryce McGowens,21,CHA,-0.7800659853105539,99.41264501614936,0.0,27.91958823171309,0.0,Magic Johnson,25.360520110148208,2.3601842627247236,7.333924697336981,2023-24,V2,Developing trajectory
125,Luguentz Dort,25,OKC,-0.11802851218971111,104.38467533274111,0.0,27.63616153838252,0.0,Larry Bird,27.54118493777147,2.5371087863290662,7.28960670254499,2023-24,V2,Developing trajectory
126,Tre Mann,23,TOT,0.19849910885301955,98.3295707868664,0.0,26.882507390882132,0.0,Larry Bird,40.86537247825938,3.661878925593197,7.269908686559512,2023-24,V2,Developing trajectory
127,Aaron Holiday,27,HOU,-0.5675042194349762,101.73550540128251,0.0,25.700222069516865,0.0,Larry Bird,22.610518342104648,1.936984474996579,6.7156031886287035,2023-24,V2,Developing trajectory
128,Patrick Williams,22,CHI,-0.12202532770144545,97.31434978685172,0.0,25.12442181270231,0.0,Michael Jordan,30.86466948864695,2.584856584474696,6.668833940846781,2023-24,V2,Developing trajectory
129,Andrew Nembhard,24,IND,0.010734866509700014,100.80196877396506,0.0,24.84259970521573,0.0,Larry Bird,33.083525578716745,2.7396026092977523,6.621590317698595,2023-24,V2,Developing trajectory
130,Grant Williams,25,TOT,0.05609586516636111,103.52538214790472,0.0,24.771850922261223,0.0,Larry Bird,28.345924090366616,2.340603352734316,6.544053233475453,2023-24,V2,Developing trajectory
131,Nassir Little,24,PHX,-0.9523880415593852,100.74919896853271,0.0,24.66670035377457,0.0,Larry Bird,26.60360728469712,2.187410697403727,6.494786693054201,2023-24,V2,Developing trajectory
132,Christian Braun,23,DEN,-0.2832221098102048,97.44960996602838,0.0,23.949304654755394,0.0,Larry Bird,35.08002306118354,2.800473865293765,6.407397243482913,2023-24,V2,Developing trajectory
133,Jaren Jackson Jr.,24,MEM,0.9505563797060941,97.21597850722725,7.752705580416555,12.889298816089697,0.0,Larry Bird,40.2446975039822,2.769104076044216,6.351137268574851,2023-24,V2,Developing trajectory
134,Svi Mykhailiuk,27,BOS,-0.9113453236707775,101.16148883825879,0.0,23.78683352610447,0.0,Larry Bird,21.560202801796283,1.7094965161179314,6.203132858943807,2023-24,V2,Developing trajectory
135,Anthony Black,20,ORL,-0.7052043586205389,98.56577979584009,0.0,22.111285795958178,0.0,Magic Johnson,27.02870801980608,1.99213162573813,5.826641192850264,2023-24,V2,Developing trajectory
136,Keldon Johnson,24,SAS,0.618008700672294,99.47136800841048,0.0,20.4072638200338,0.0,Larry Bird,38.135886283355674,2.5941636413174916,5.490940501206074,2023-24,V2,Developing trajectory
137,Naji Marshall,26,NOP,-0.2589456320901376,101.32079516026889,0.0,20.925321522910377,0.0,Larry Bird,23.755764126536135,1.6569900079006294,5.479878881912689,2023-24,V2,Developing trajectory
138,Brandon Miller,21,CHA,0.48749809546002915,97.12661070378738,0.0,20.299473857173165,0.0,Magic Johnson,31.50211742799579,2.1315880305839987,5.394606668880891,2023-24,V2,Developing trajectory
139,Mo Bamba,26,PHI,-0.5358720830149446,101.22643201627841,0.0,20.610777709608783,0.0,Larry Bird,22.88249102024477,1.5720864528679468,5.388507395332388,2023-24,V2,Developing trajectory
140,Paul Reed,25,PHI,-0.04853206269089566,102.0753587498816,0.0,19.93843959551749,0.0,Larry Bird,27.68649773300703,1.8400852088699755,5.260622680209869,2023-24,V2,Developing trajectory
141,Craig Porter Jr.,24,CLE,-0.475415410815497,99.29761931271632,0.0,19.828101501053272,0.0,Larry Bird,29.414238553548262,1.9440950253864977,5.248639629071293,2023-24,V2,Developing trajectory
142,Nickeil Alexander-Walker,25,MIN,-0.31954169595287724,101.75618559318337,0.0,18.874529073190065,0.0,Larry Bird,26.371515502198637,1.6591664535011021,4.967507236322682,2023-24,V2,Developing trajectory
143,Immanuel Quickley,25,TOT,0.8044422084755017,101.57174078903004,0.0,18.259713059345632,0.0,Larry Bird,31.811133888571153,1.9362072563257837,4.855359353285276,2023-24,V2,Developing trajectory
144,Josh Giddey,21,OKC,0.8504760558625705,96.26720637662885,0.0,17.434792766644733,0.0,Magic Johnson,32.99641400152534,1.9176188005300299,4.646341011740688,2023-24,V2,Developing trajectory
145,Marcus Sasser,23,DET,-0.20826391747640774,95.33762538097184,0.0,16.909356037900285,0.0,Larry Bird,34.73818821517133,1.9580013088064125,4.521039205796033,2023-24,V2,Developing trajectory
146,Bruce Brown,27,TOT,0.18333574150965065,99.15697406715239,0.0,17.10511762241647,0.0,Larry Bird,24.69884626451579,1.4082555683084141,4.487517740850379,2023-24,V2,Developing trajectory
147,Jabari Walker,21,POR,0.12750228119489435,96.1225934940162,0.0,16.952749824602574,0.0,Magic Johnson,28.821624468326917,1.628685963833968,4.4824903507257385,2023-24,V2,Developing trajectory
148,Kessler Edwards,23,SAC,-1.190845120528546,95.23193980530777,0.0,16.557070785686722,0.0,Larry Bird,27.42774077915977,1.5137434852400489,4.366329219207688,2023-24,V2,Developing trajectory
149,Jacob Gilyard,25,TOT,-0.5233193670151239,100.92773259956755,0.0,16.113019094470644,0.0,Larry Bird,25.366141205233937,1.3624170586432434,4.232617332414147,2023-24,V2,Developing trajectory
150,Santi Aldama,23,MEM,0.2747139558033123,94.9512300797251,0.0,15.62137170041112,0.0,Larry Bird,39.11213157323939,2.036617151003193,4.2108354977532585,2023-24,V2,Developing trajectory
151,Max Christie,21,LAL,-0.7780707029047796,95.691806610024,0.0,15.516793544628579,0.0,Magic Johnson,24.25942490315648,1.2547616257790006,4.067412630023995,2023-24,V2,Developing trajectory
152,Mikal Bridges,27,BKN,0.8578159474829535,98.61659240822463,0.0,15.30384542599061,0.0,Larry Bird,26.488787483555246,1.3512676972341477,4.028651511082775,2023-24,V2,Developing trajectory
153,Jaden Ivey,22,DET,0.5024396083597944,94.28306138273535,0.0,15.020127132314418,0.0,LeBron James,32.742593659714565,1.639326398035416,4.0009307427839165,2023-24,V2,Developing trajectory
154,Omer Yurtseven,26,UTA,-0.5230187331142919,99.53699331886632,0.0,14.97931538490183,0.0,Larry Bird,22.707349347300152,1.133801824761179,3.9148991199396344,2023-24,V2,Developing trajectory
155,Zach Collins,26,SAS,0.3400182233303121,99.3857465150993,0.0,14.475159372345084,0.0,Larry Bird,25.26064272951691,1.2188394311920914,3.801615757765085,2023-24,V2,Developing trajectory
156,Malik Monk,26,SAC,0.6449870188941446,99.37501285781039,0.0,14.439380514715387,0.0,Larry Bird,26.109452023258495,1.2566810426484498,3.798347285076114,2023-24,V2,Developing trajectory
157,Jalen Wilson,23,BKN,-0.5947901500476822,94.54385993507319,0.0,14.263471218238093,0.0,Larry Bird,31.206668101025006,1.4837180409202633,3.7884255106975626,2023-24,V2,Developing trajectory
158,Jordan Hawkins,22,NOP,-0.5325305366825626,93.90074064673894,0.0,13.745724678993032,0.0,Michael Jordan,26.82992838898705,1.2293226959737167,3.6208295741443153,2023-24,V2,Developing trajectory
159,Gradey Dick,20,TOR,-0.47984621575666575,96.03739950498552,0.0,13.683351493109608,0.0,Magic Johnson,26.768524499181133,1.2209437655807043,3.6039794381145076,2023-24,V2,Developing trajectory
160,Brandin Podziemski,21,GSW,0.4082652619127978,95.02291271190198,0.0,13.287147217555173,0.0,Magic Johnson,29.659617931954738,1.3136390329277399,3.518832659327954,2023-24,V2,Developing trajectory
161,Peyton Watson,21,DEN,-0.4693763241108967,94.86311417343411,0.0,12.75448542266228,0.0,Magic Johnson,25.323049690689736,1.0766082271241826,3.3501125897341972,2023-24,V2,Developing trajectory
162,Landry Shamet,27,WAS,-0.662385223062797,97.82325953768306,0.0,12.659402524185356,0.0,Larry Bird,22.059129558338725,0.9308513347072169,3.3044783312524215,2023-24,V2,Developing trajectory
163,Blake Wesley,21,SAS,-0.5571126126526402,94.61800019657858,0.0,11.93743883314383,0.0,Magic Johnson,24.849020759945557,0.9887788846179042,3.1326765409786432,2023-24,V2,Developing trajectory
164,Jordan Nwora,25,TOT,-0.4755860117143662,99.40545516183037,0.0,11.038760968680066,0.0,Larry Bird,25.376678023491156,0.933756942934918,2.899753783610254,2023-24,V2,Developing trajectory
165,Kevin Huerter,25,SAC,0.012878052046666633,99.28885919456106,0.0,10.650107744449002,0.0,Larry Bird,27.54017378577164,0.9776860603977263,2.8091798451719097,2023-24,V2,Developing trajectory
166,Toumani Camara,24,POR,-0.18137852135529303,96.32883287391833,0.0,9.932146705059969,0.0,Larry Bird,30.898399549629296,1.0229581242615902,2.636480394904231,2023-24,V2,Developing trajectory
167,Cole Anthony,24,ORL,0.18385118865016178,96.024701191236,0.0,8.91837442945222,0.0,Larry Bird,33.44985064216899,0.9943943087870527,2.3787527536811126,2023-24,V2,Developing trajectory
168,Precious Achiuwa,24,TOT,0.046333186236199336,95.95775674253183,0.0,8.695226267104962,0.0,Larry Bird,32.40881523865422,0.9393399384963258,2.3147075575506895,2023-24,V2,Developing trajectory
169,Zeke Nnaji,23,DEN,-0.8857746291217261,92.87653217227428,0.0,8.705712008908412,0.0,Larry Bird,28.589486564961575,0.829639455057039,2.300873920485659,2023-24,V2,Developing trajectory
170,Eugene Omoruyi,27,WAS,-0.7747809966427969,96.63108699050761,0.0,8.68549403360054,0.0,Larry Bird,21.621510829524166,0.6259783443575386,2.2652702600537657,2023-24,V2,Developing trajectory
171,Ben Sheppard,22,IND,-0.8319760730003924,92.25499941448707,0.0,8.259920571486816,0.0,Michael Jordan,24.824097436771424,0.6834835769552715,2.1675026794149947,2023-24,V2,Developing trajectory
172,Sandro Mamukelashvili,25,SAS,-0.623035858932103,98.40178294173,0.0,7.693186901678834,0.0,Larry Bird,24.609008126310666,0.6310723299354707,2.017957574910029,2023-24,V2,Developing trajectory
173,Dyson Daniels,21,NOP,-0.18718015289838408,93.20452400137998,0.0,7.22585151581517,0.0,Magic Johnson,25.876774162262027,0.6232724260159596,1.8999537428561863,2023-24,V2,Developing trajectory
174,Keyonte George,20,UTA,0.37442548753038807,93.89169744236214,0.0,6.531011284365036,0.0,LeBron James,30.476627259662216,0.6634773218074699,1.7322744193623794,2023-24,V2,Developing trajectory
175,Davion Mitchell,25,SAC,-0.6676008902227368,97.6944801253101,0.0,5.335510846945795,0.0,Larry Bird,24.319219253882185,0.4325181937278047,1.3987554407956193,2023-24,V2,Developing trajectory
176,Malaki Branham,21,SAS,-0.3195733378621065,92.6246861614211,0.0,5.293058715952223,0.0,Magic Johnson,25.075804346039188,0.44242568251105124,1.3896285313647134,2023-24,V2,Developing trajectory
177,Josh Okogie,25,PHX,-0.6730508723242942,97.18736714073981,0.0,3.6451342317115136,0.0,Larry Bird,24.21542591621854,0.29422825980894113,0.9554177968992196,2023-24,V2,Developing trajectory
178,A.J. Lawson,23,DAL,-1.0188605290673283,91.29900757496529,0.0,3.447296684545099,0.0,Larry Bird,27.249356398176484,0.3131220532247386,0.9087924791199855,2023-24,V2,Developing trajectory
179,Ausar Thompson,21,DET,0.18388034932885172,91.9317366166909,0.0,2.983226900184898,0.0,Magic Johnson,26.819724101671312,0.26669774131881036,0.785811386244046,2023-24,V2,Developing trajectory
180,Scoot Henderson,20,POR,0.6283544818370905,86.16079934390332,1.768801542230829,0.0,0.0,LeBron James,27.253734022666908,0.1606881559028068,0.6431837631662112,2023-24,V2,Developing trajectory
181,Saddiq Bey,25,ATL,0.4196911109126778,96.60677015005315,0.0,1.7098109294226542,0.0,Larry Bird,28.69300737752666,0.16353205870699974,0.4519825411617135,2023-24,V2,Developing trajectory
182,Matisse Thybulle,27,POR,-0.6341474980410127,94.4933784089682,0.0,1.5597987618024924,0.0,Larry Bird,21.76245368550945,0.11315016104147244,0.40692221460684397,2023-24,V2,Developing trajectory
183,Gary Trent Jr.,25,TOR,-0.031665932644725975,96.41310193937488,0.0,1.0642502271617595,0.0,Larry Bird,26.699830515413183,0.09471766897069653,0.28027020713604434,2023-24,V2,Developing trajectory
184,JT Thor,21,CHA,-0.884658287627382,91.32728825878135,0.0,0.9683990404864081,0.0,Magic Johnson,22.493860255775097,0.07261010896175986,0.252991276465866,2023-24,V2,Developing trajectory
185,Ziaire Williams,22,MEM,-0.27617004231142883,89.95049496844798,0.0,0.5782390846898504,0.0,LeBron James,26.4798784839222,0.05103900232413879,0.15221562152108342,2023-24,V2,Developing trajectory
186,Jaden Hardy,21,DAL,-0.547701726922361,91.03930550279067,0.0,0.008456520517465075,0.0,Magic Johnson,23.588617488643855,0.0006649254259045074,0.0022138689432519448,2023-24,V2,Developing trajectory
187,Luka Samanic,24,UTA,-0.8242614325606201,85.30479759127617,0.0,0.0,0.0,Larry Bird,24.16235875504302,0.0,0.0,2023-24,V2,Developing trajectory
187,Cam Reddish,24,LAL,-0.6995332218502577,88.7879264979637,0.0,0.0,0.0,Larry Bird,25.764453529519677,0.0,0.0,2023-24,V2,Developing trajectory
187,Jalen McDaniels,26,TOR,-0.9205513586030071,72.46631117096078,0.0,0.0,0.0,Larry Bird,16.547441607539923,0.0,0.0,2023-24,V2,Developing trajectory
187,Talen Horton-Tucker,23,UTA,0.00117176167962324,88.54464272220507,0.0,0.0,0.0,Larry Bird,31.805801574210232,0.0,0.0,2023-24,V2,Developing trajectory
187,Dalano Banton,24,TOT,-0.0456110472239816,88.69175522724956,0.0,0.0,0.0,Larry Bird,28.932697990518818,0.0,0.0,2023-24,V2,Developing trajectory
187,Johnny Davis,22,WAS,-0.9737203316304957,81.30465254631227,0.0,0.0,0.0,LeBron James,21.139653153860976,0.0,0.0,2023-24,V2,Developing trajectory
187,Shake Milton,27,TOT,-0.7773146956647493,87.7953667444955,0.0,0.0,0.0,Larry Bird,20.3484129213006,0.0,0.0,2023-24,V2,Developing trajectory
187,Xavier Tillman,25,TOT,-0.4110674983069256,83.05158657409525,0.0,0.0,0.0,Larry Bird,21.577016321885235,0.0,0.0,2023-24,V2,Developing trajectory
187,Killian Hayes,22,DET,0.08794227583112696,83.40538518233632,0.0,0.0,0.0,LeBron James,25.159803333081474,0.0,0.0,2023-24,V2,Developing trajectory
187,Markelle Fultz,26,ORL,-0.13688827934197068,86.59608763439363,0.0,0.0,0.0,Larry Bird,20.984539686940977,0.0,0.0,2023-24,V2,Developing trajectory
187,Quentin Grimes,24,TOT,-0.5708756095622559,90.85753704988862,0.0,0.0,0.0,Larry Bird,27.018624074552264,0.0,0.0,2023-24,V2,Developing trajectory
187,Jordan Poole,25,WAS,0.6170395151804444,93.07773698091532,0.0,0.0,0.0,Larry Bird,28.20609198698042,0.0,0.0,2023-24,V2,Developing trajectory
187,Julian Phillips,20,CHI,-1.1385358547432154,91.77654180197202,0.0,0.0,0.0,Magic Johnson,22.556883385332483,0.0,0.0,2023-24,V2,Developing trajectory
187,Jeremy Sochan,21,SAS,0.5833225478386457,90.29235314485543,0.0,0.0,0.0,Magic Johnson,27.41810395312997,0.0,0.0,2023-24,V2,Developing trajectory
187,Chuma Okeke,25,ORL,-1.0192302795271746,81.84271225870691,0.0,0.0,0.0,Larry Bird,19.813939898374354,0.0,0.0,2023-24,V2,Developing trajectory
187,Julian Strawther,22,DEN,-0.8662028430795873,84.79552474185088,0.0,0.0,0.0,LeBron James,22.46687279882224,0.0,0.0,2023-24,V2,Developing trajectory
187,Olivier-Maxence Prosper,21,DAL,-0.9215211274848956,87.27287043428163,0.0,0.0,0.0,Magic Johnson,21.149323620154778,0.0,0.0,2023-24,V2,Developing trajectory
187,David Roddy,23,TOT,-0.4490316249029291,85.23140516231209,0.0,0.0,0.0,Larry Bird,27.454002443107164,0.0,0.0,2023-24,V2,Developing trajectory
187,Kris Murray,23,POR,-0.42168132124724006,84.72415042009253,0.0,0.0,0.0,Larry Bird,27.30534461898598,0.0,0.0,2023-24,V2,Developing trajectory
187,Dalen Terry,21,CHI,-0.7993154099590951,90.06444511798898,0.0,0.0,0.0,Magic Johnson,22.38708262060509,0.0,0.0,2023-24,V2,Developing trajectory
187,Nick Smith Jr.,20,CHA,-0.7269681080835849,89.92875939552886,0.0,0.0,0.0,LeBron James,23.340283259485062,0.0,0.0,2023-24,V2,Developing trajectory
187,Kobe Brown,24,LAC,-1.0487223851647003,86.2020863580142,0.0,0.0,0.0,Larry Bird,23.552626974299706,0.0,0.0,2023-24,V2,Developing trajectory
187,Jordan Goodwin,25,TOT,-0.07245992193397267,79.40106443084885,0.0,0.0,0.0,Larry Bird,21.21358723520292,0.0,0.0,2023-24,V2,Developing trajectory
187,Jose Alvarado,26,NOP,-0.40331184142428694,94.99055341879567,0.0,0.0,0.0,Larry Bird,22.289518129649288,0.0,0.0,2023-24,V2,Developing trajectory
187,Malachi Flynn,26,TOT,-0.6079554554657194,93.89381893541676,0.0,0.0,0.0,Larry Bird,21.53963560925981,0.0,0.0,2023-24,V2,Developing trajectory
187,Troy Brown Jr.,24,TOT,-0.7219464149321313,89.7378121900667,0.0,0.0,0.0,Larry Bird,25.941742881543078,0.0,0.0,2023-24,V2,Developing trajectory
187,Dennis Smith Jr.,26,BKN,-0.1129315485571607,89.34991535423381,0.0,0.0,0.0,Larry Bird,21.733904820187586,0.0,0.0,2023-24,V2,Developing trajectory
187,Oshae Brissett,26,BOS,-0.7283289832814928,93.3548958250223,0.0,0.0,0.0,Larry Bird,21.130705567918305,0.0,0.0,2023-24,V2,Developing trajectory
187,Lonnie Walker IV,25,BKN,-0.38579960910260935,96.01704024349254,0.0,0.0,0.0,Larry Bird,25.14257177281255,0.0,0.0,2023-24,V2,Developing trajectory
187,P.J. Washington,25,TOT,0.33177559441814736,94.48283300857383,0.0,0.0,0.0,Larry Bird,27.63888469574867,0.0,0.0,2023-24,V2,Developing trajectory
187,Chris Duarte,27,SAC,-0.8619466399003783,90.17141636939107,0.0,0.0,0.0,Larry Bird,20.541573957843458,0.0,0.0,2023-24,V2,Developing trajectory
187,Ochai Agbaji,24,TOT,-0.576356868074481,87.51520383860995,0.0,0.0,0.0,Larry Bird,25.913723772299143,0.0,0.0,2023-24,V2,Developing trajectory
187,Jaden Springer,21,TOT,-0.897612654288095,86.18300367012819,0.0,0.0,0.0,Magic Johnson,20.89051768700199,0.0,0.0,2023-24,V2,Developing trajectory
