player,age,goat,similarity,distance,data_cutoff,model_version
A.J. Lawson,23,Larry Bird,27.249356398176484,2.6698114457738886,2023-24,V2
A.J. Lawson,23,Kareem Abdul-Jabbar,23.22598565978669,3.305522334543558,2023-24,V2
A.J. Lawson,23,Magic Johnson,20.682373913883136,3.8350349150623635,2023-24,V2
A.J. Lawson,23,LeBron James,20.303858623446278,3.9251721977872243,2023-24,V2
AJ Green,24,Michael Jordan,26.662836216337904,2.750538734462317,2023-24,V2
AJ Green,24,Larry Bird,26.188227707226716,2.818509641735119,2023-24,V2
AJ Green,24,Magic Johnson,23.100239518268253,3.3289594430792575,2023-24,V2
AJ Green,24,Kareem Abdul-Jabbar,21.03123123816903,3.7548333650819554,2023-24,V2
AJ Green,24,LeBron James,20.419617000901372,3.8972515006322475,2023-24,V2
Aaron Holiday,27,Larry Bird,22.610518342104648,3.422720367882187,2023-24,V2
Aaron Holiday,27,Kareem Abdul-Jabbar,21.235478597446146,3.7091003643320923,2023-24,V2
Aaron Holiday,27,Michael Jordan,20.74429887713469,3.8206015827425506,2023-24,V2
Aaron Holiday,27,Magic Johnson,20.69611878785178,3.8318238325293175,2023-24,V2
Aaron Holiday,27,LeBron James,20.012659657312827,3.9968370877410586,2023-24,V2
Aaron Nesmith,24,Michael Jordan,33.06381679156676,2.0244542132082572,2023-24,V2
Aaron Nesmith,24,Larry Bird,31.14516004597855,2.2107717492019106,2023-24,V2
Aaron Nesmith,24,Magic Johnson,27.95760446814947,2.576844364971412,2023-24,V2
Aaron Nesmith,24,Kareem Abdul-Jabbar,24.468120532059714,3.086950604521239,2023-24,V2
Aaron Nesmith,24,LeBron James,23.250487356606435,3.3009851133974535,2023-24,V2
Aaron Wiggins,25,Magic Johnson,25.015557639709293,2.9975123257401073,2023-24,V2
Aaron Wiggins,25,Larry Bird,24.357740371071788,3.105471134701967,2023-24,V2
Aaron Wiggins,25,Michael Jordan,22.853870116896562,3.3756265126433425,2023-24,V2
Aaron Wiggins,25,Kareem Abdul-Jabbar,20.9752308325914,3.7675279856572343,2023-24,V2
Aaron Wiggins,25,LeBron James,20.561586883643372,3.8634378545728607,2023-24,V2
Alperen Sengun,21,Magic Johnson,48.97948959347004,1.041670928586647,2023-24,V2
Alperen Sengun,21,LeBron James,43.816370931847715,1.2822519956191878,2023-24,V2
Amen Thompson,21,Magic Johnson,33.43828050997698,1.9905843983264335,2023-24,V2
Amen Thompson,21,LeBron James,30.619385640965728,2.265904847751414,2023-24,V2
Amir Coffey,27,Larry Bird,22.525733326706398,3.4393671251288627,2023-24,V2
Amir Coffey,27,Kareem Abdul-Jabbar,21.74047985801618,3.599714479767008,2023-24,V2
Amir Coffey,27,Michael Jordan,21.349162746698862,3.684024436296108,2023-24,V2
Amir Coffey,27,Magic Johnson,21.1929089546988,3.7185594112519613,2023-24,V2
Amir Coffey,27,LeBron James,20.571420833504607,3.861112939614279,2023-24,V2
Andre Jackson Jr.,22,Michael Jordan,28.673343199498905,2.487559832288674,2023-24,V2
Andre Jackson Jr.,22,LeBron James,25.9790561309105,2.8492545493605372,2023-24,V2
Andre Jackson Jr.,22,Magic Johnson,25.476502046723777,2.9251856403442082,2023-24,V2
Andrew Nembhard,24,Larry Bird,33.083525578716745,2.022652460726008,2023-24,V2
Andrew Nembhard,24,Michael Jordan,32.196643402486394,2.1059138292744355,2023-24,V2
Andrew Nembhard,24,Magic Johnson,24.751188779379728,3.0402099830982756,2023-24,V2
Andrew Nembhard,24,LeBron James,22.411913129079416,3.461912707945052,2023-24,V2
Andrew Nembhard,24,Kareem Abdul-Jabbar,21.34580407798693,3.684761447010843,2023-24,V2
Anfernee Simons,25,Larry Bird,33.16766182078333,2.014984913327191,2023-24,V2
Anfernee Simons,25,Magic Johnson,25.83308258243765,2.8710053157954887,2023-24,V2
Anfernee Simons,25,Michael Jordan,25.268597232641138,2.957481259419629,2023-24,V2
Anfernee Simons,25,LeBron James,23.997383999898013,3.1671208828606066,2023-24,V2
Anfernee Simons,25,Kareem Abdul-Jabbar,21.306912234920866,3.6933126159925447,2023-24,V2
Anthony Black,20,Magic Johnson,27.02870801980608,2.699769886400862,2023-24,V2
Anthony Black,20,LeBron James,25.631015176610237,2.901523186301872,2023-24,V2
Anthony Edwards,22,LeBron James,48.187307664879,1.0752352610246438,2023-24,V2
Anthony Edwards,22,Michael Jordan,48.01757891549646,1.0825706388900735,2023-24,V2
Anthony Edwards,22,Magic Johnson,43.50696961043758,1.2984823097403086,2023-24,V2
Ausar Thompson,21,Magic Johnson,26.819724101671312,2.72859913177736,2023-24,V2
Ausar Thompson,21,LeBron James,25.901710687482172,2.860748859662315,2023-24,V2
Austin Reaves,26,Larry Bird,27.960331275099193,2.5764955363407167,2023-24,V2
Austin Reaves,26,Magic Johnson,26.963669299856747,2.708694053762604,2023-24,V2
Austin Reaves,26,LeBron James,25.909697590324804,2.8595587482789453,2023-24,V2
Austin Reaves,26,Kareem Abdul-Jabbar,24.764173050364345,3.038091633289113,2023-24,V2
Austin Reaves,26,Michael Jordan,24.685160205427184,3.051016852546672,2023-24,V2
Ayo Dosunmu,24,Michael Jordan,34.50966715028131,1.8977387572161748,2023-24,V2
Ayo Dosunmu,24,Larry Bird,33.65948447134097,1.970930825905667,2023-24,V2
Ayo Dosunmu,24,Magic Johnson,27.241235473817145,2.670905458605752,2023-24,V2
Ayo Dosunmu,24,LeBron James,23.448743674061188,3.264620799732618,2023-24,V2
Ayo Dosunmu,24,Kareem Abdul-Jabbar,23.393142502697398,3.2747570143031997,2023-24,V2
Bam Adebayo,26,Larry Bird,28.615350686045286,2.4946277995036605,2023-24,V2
Bam Adebayo,26,Magic Johnson,26.422214351460763,2.7846941467444215,2023-24,V2
Bam Adebayo,26,LeBron James,26.26199189057569,2.807784284477132,2023-24,V2
Bam Adebayo,26,Michael Jordan,24.35515830500592,3.105906385319868,2023-24,V2
Bam Adebayo,26,Kareem Abdul-Jabbar,24.025001090743423,3.162330716335698,2023-24,V2
Ben Sheppard,22,Michael Jordan,24.824097436771424,3.0283438402828717,2023-24,V2
Ben Sheppard,22,LeBron James,24.66452705881414,3.054405736689928,2023-24,V2
Ben Sheppard,22,Magic Johnson,22.691893074440415,3.4068601800630516,2023-24,V2
Bennedict Mathurin,22,Michael Jordan,34.41233240683242,1.9059349659235951,2023-24,V2
Bennedict Mathurin,22,LeBron James,32.867447988545436,2.0425240205704682,2023-24,V2
Bennedict Mathurin,22,Magic Johnson,30.51033850101279,2.2775775331591457,2023-24,V2
Bilal Coulibaly,19,LeBron James,38.3237892657933,1.6093453156850825,2023-24,V2
Blake Wesley,21,Magic Johnson,24.849020759945557,3.0243034510716513,2023-24,V2
Blake Wesley,21,LeBron James,23.65772314671567,3.2269494566252326,2023-24,V2
Bol Bol,24,Michael Jordan,25.30008029144713,2.952556626225637,2023-24,V2
Bol Bol,24,Magic Johnson,25.148061327747435,2.9764496633250896,2023-24,V2
Bol Bol,24,Kareem Abdul-Jabbar,24.13763866771297,3.1429073231493097,2023-24,V2
Bol Bol,24,Larry Bird,23.36386606450168,3.280113561853397,2023-24,V2
Bol Bol,24,LeBron James,20.48640870265001,3.8812850242055617,2023-24,V2
Brandin Podziemski,21,Magic Johnson,29.659617931954738,2.3715875986474457,2023-24,V2
Brandin Podziemski,21,LeBron James,28.295948100496485,2.534074901637432,2023-24,V2
Brandon Ingram,26,Larry Bird,28.221527901383233,2.543394260914508,2023-24,V2
Brandon Ingram,26,Magic Johnson,26.163060873825227,2.822182751561946,2023-24,V2
Brandon Ingram,26,LeBron James,25.81690692910645,2.8734307047161476,2023-24,V2
Brandon Ingram,26,Michael Jordan,24.004397555529874,3.1659033420300564,2023-24,V2
Brandon Ingram,26,Kareem Abdul-Jabbar,23.777432125475023,3.2056686135110652,2023-24,V2
Brandon Miller,21,Magic Johnson,31.50211742799579,2.1743897923233075,2023-24,V2
Brandon Miller,21,LeBron James,29.700669873526486,2.366927427085892,2023-24,V2
Bruce Brown,27,Larry Bird,24.69884626451579,3.0487721138483894,2023-24,V2
Bruce Brown,27,Kareem Abdul-Jabbar,22.597506805906193,3.4252669490894245,2023-24,V2
Bruce Brown,27,Magic Johnson,22.042940083138287,3.5365999101224634,2023-24,V2
Bruce Brown,27,Michael Jordan,21.936148246799316,3.5586854572151663,2023-24,V2
Bruce Brown,27,LeBron James,21.22116415520374,3.7122768227339935,2023-24,V2
Bruno Fernando,25,Larry Bird,26.33162099227394,2.7977153031840074,2023-24,V2
Bruno Fernando,25,Magic Johnson,24.402640948713497,3.0979171152076463,2023-24,V2
Bruno Fernando,25,Michael Jordan,23.069384881426416,3.334749301465416,2023-24,V2
Bruno Fernando,25,LeBron James,20.965806874637984,3.769670950320947,2023-24,V2
Bruno Fernando,25,Kareem Abdul-Jabbar,20.303159761864677,3.92534172872094,2023-24,V2
Bryce McGowens,21,Magic Johnson,25.360520110148208,2.943136795525902,2023-24,V2
Bryce McGowens,21,LeBron James,23.74712934044597,3.21103530310422,2023-24,V2
Cade Cunningham,22,LeBron James,41.26207267885886,1.4235331263724,2023-24,V2
Cade Cunningham,22,Michael Jordan,38.441342253418476,1.6013659809474337,2023-24,V2
Cade Cunningham,22,Magic Johnson,36.21779494733723,1.7610736695982119,2023-24,V2
Caleb Houstan,21,Magic Johnson,25.369731789148986,2.941705053530424,2023-24,V2
Caleb Houstan,21,LeBron James,23.544728731009027,3.2472351727840194,2023-24,V2
Cam Reddish,24,Larry Bird,25.764453529519677,2.881316554431274,2023-24,V2
Cam Reddish,24,Michael Jordan,23.951967990529294,3.175022279569696,2023-24,V2
Cam Reddish,24,Magic Johnson,19.12694142213066,4.228227440708104,2023-24,V2
Cam Reddish,24,LeBron James,18.656879634041832,4.359953109068537,2023-24,V2
Cam Reddish,24,Kareem Abdul-Jabbar,17.02947917089947,4.872170193606582,2023-24,V2
Cam Thomas,22,Michael Jordan,36.74570123827282,1.721406766782398,2023-24,V2
Cam Thomas,22,LeBron James,36.37360154951259,1.7492465892847504,2023-24,V2
Cam Thomas,22,Magic Johnson,32.95429552514327,2.0345057725085516,2023-24,V2
Cam Whitmore,19,LeBron James,38.745747994306946,1.5809283644412635,2023-24,V2
Cason Wallace,20,Magic Johnson,32.63429156827406,2.064261400949686,2023-24,V2
Cason Wallace,20,LeBron James,27.78491247260409,2.5990755809866215,2023-24,V2
Chet Holmgren,22,Michael Jordan,54.52227873637235,0.8341126291423512,2023-24,V2
Chet Holmgren,22,Magic Johnson,44.11805930652936,1.2666454864935606,2023-24,V2
Chet Holmgren,22,LeBron James,38.418159344552905,1.6029357394025812,2023-24,V2
Chimezie Metu,27,Larry Bird,23.03274753609949,3.341644427928924,2023-24,V2
Chimezie Metu,27,Kareem Abdul-Jabbar,22.357381734388444,3.4727956604233094,2023-24,V2
Chimezie Metu,27,Michael Jordan,21.969478301781127,3.551769442421976,2023-24,V2
Chimezie Metu,27,Magic Johnson,21.797800970252993,3.5876187298190274,2023-24,V2
Chimezie Metu,27,LeBron James,21.167978947988214,3.7241165652001897,2023-24,V2
Chris Duarte,27,Larry Bird,20.541573957843458,3.868176129308566,2023-24,V2
Chris Duarte,27,Kareem Abdul-Jabbar,18.517500245106806,4.400296944854892,2023-24,V2
Chris Duarte,27,Magic Johnson,18.08082214373541,4.530721955287177,2023-24,V2
Chris Duarte,27,Michael Jordan,17.988018033172573,4.559256156825348,2023-24,V2
Chris Duarte,27,LeBron James,17.43536602310035,4.735468923767282,2023-24,V2
Christian Braun,23,Larry Bird,35.08002306118354,1.8506252640024967,2023-24,V2
Christian Braun,23,Kareem Abdul-Jabbar,29.07196534879309,2.4397399281487333,2023-24,V2
Christian Braun,23,Magic Johnson,25.139795693912394,2.9777570676206815,2023-24,V2
Christian Braun,23,LeBron James,23.97827805434611,3.1704412540947584,2023-24,V2
Chuma Okeke,25,Larry Bird,19.813939898374354,4.046951818411671,2023-24,V2
Chuma Okeke,25,Michael Jordan,16.801927886460568,4.951697964409347,2023-24,V2
Chuma Okeke,25,Magic Johnson,16.50524027103832,5.058681870597764,2023-24,V2
Chuma Okeke,25,LeBron James,16.026944547217138,5.239492481264225,2023-24,V2
Chuma Okeke,25,Kareem Abdul-Jabbar,14.615280574646476,5.842153969556541,2023-24,V2
Coby White,24,Larry Bird,42.47050745322745,1.3545751156877388,2023-24,V2
Coby White,24,Michael Jordan,40.96781766939348,1.4409403695112784,2023-24,V2
Coby White,24,Magic Johnson,28.15910494273232,2.5512492390426402,2023-24,V2
Coby White,24,LeBron James,25.059048819089224,2.990574451645708,2023-24,V2
Coby White,24,Kareem Abdul-Jabbar,23.042916495623434,3.3397284375436196,2023-24,V2
Cole Anthony,24,Larry Bird,33.44985064216899,1.9895499704842836,2023-24,V2
Cole Anthony,24,Michael Jordan,31.322870350347632,2.192555435740587,2023-24,V2
Cole Anthony,24,Magic Johnson,23.498502775855336,3.255590279681555,2023-24,V2
Cole Anthony,24,LeBron James,21.983313437351317,3.5489047993143936,2023-24,V2
Cole Anthony,24,Kareem Abdul-Jabbar,20.178405408752173,3.9557929863291394,2023-24,V2
Collin Sexton,25,Larry Bird,32.084755958996965,2.1167449154918305,2023-24,V2
Collin Sexton,25,Magic Johnson,27.89182896520981,2.585279406550662,2023-24,V2
Collin Sexton,25,Michael Jordan,26.192999907434857,2.817813933241572,2023-24,V2
Collin Sexton,25,LeBron James,24.136381542489563,3.1431231033516984,2023-24,V2
Collin Sexton,25,Kareem Abdul-Jabbar,22.540391346445652,3.4364802040479563,2023-24,V2
Corey Kispert,25,Larry Bird,28.091378614692978,2.559811049917492,2023-24,V2
Corey Kispert,25,Magic Johnson,26.005040020867256,2.8454084254343344,2023-24,V2
Corey Kispert,25,Michael Jordan,24.339540057577324,3.1085410719940145,2023-24,V2
Corey Kispert,25,LeBron James,22.112185987194,3.522393220548786,2023-24,V2
Corey Kispert,25,Kareem Abdul-Jabbar,21.353231934208495,3.6831318232345476,2023-24,V2
Craig Porter Jr.,24,Larry Bird,29.414238553548262,2.3997140472615404,2023-24,V2
Craig Porter Jr.,24,Michael Jordan,28.427238384499695,2.5177528906404865,2023-24,V2
Craig Porter Jr.,24,Magic Johnson,22.621627347654123,3.4205484629013694,2023-24,V2
Craig Porter Jr.,24,LeBron James,20.89499923997112,3.785834105641165,2023-24,V2
Craig Porter Jr.,24,Kareem Abdul-Jabbar,19.934648155696767,4.016391521885115,2023-24,V2
Dalano Banton,24,Larry Bird,28.932697990518818,2.4562970944766294,2023-24,V2
Dalano Banton,24,Michael Jordan,26.45428562027007,2.780105856397687,2023-24,V2
Dalano Banton,24,Magic Johnson,20.385151229687978,3.9055314269322023,2023-24,V2
Dalano Banton,24,LeBron James,19.89165450816228,4.0272339065092,2023-24,V2
Dalano Banton,24,Kareem Abdul-Jabbar,17.81494101468142,4.613265849019051,2023-24,V2
Dalen Terry,21,Magic Johnson,22.38708262060509,3.4668616136682284,2023-24,V2
Dalen Terry,21,LeBron James,21.61253290961129,3.626944949868837,2023-24,V2
Daniel Gafford,25,Magic Johnson,28.405968634423257,2.520386904842837,2023-24,V2
Daniel Gafford,25,Michael Jordan,24.170187019490925,3.1373283508050496,2023-24,V2
Daniel Gafford,25,Kareem Abdul-Jabbar,24.147880691613477,3.141150160425046,2023-24,V2
Daniel Gafford,25,Larry Bird,23.753415776098596,3.2099208359171243,2023-24,V2
Daniel Gafford,25,LeBron James,21.855264103549402,3.575556695458076,2023-24,V2
Darius Garland,24,Larry Bird,41.17882498082894,1.4284325753965934,2023-24,V2
Darius Garland,24,Michael Jordan,38.7797027444441,1.5786685539854175,2023-24,V2
Darius Garland,24,Magic Johnson,26.935148520534913,2.712621072936043,2023-24,V2
Darius Garland,24,LeBron James,24.45288848333298,3.0894964236294506,2023-24,V2
Darius Garland,24,Kareem Abdul-Jabbar,22.230234141029225,3.498378171169823,2023-24,V2
David Roddy,23,Larry Bird,27.454002443107164,2.6424561485062026,2023-24,V2
David Roddy,23,Kareem Abdul-Jabbar,22.864932535722385,3.373509514789419,2023-24,V2
David Roddy,23,LeBron James,20.525694060467774,3.8719424398222286,2023-24,V2
David Roddy,23,Magic Johnson,20.172616435070044,3.9572151595640435,2023-24,V2
Davion Mitchell,25,Larry Bird,24.319219253882185,3.111974112163842,2023-24,V2
Davion Mitchell,25,Magic Johnson,20.837179134649425,3.799114090914229,2023-24,V2
Davion Mitchell,25,Michael Jordan,20.563738354185467,3.862929019890314,2023-24,V2
Davion Mitchell,25,LeBron James,19.079463926086216,4.241237405170276,2023-24,V2
Davion Mitchell,25,Kareem Abdul-Jabbar,17.786325106070127,4.622296871537109,2023-24,V2
Day'Ron Sharpe,22,Michael Jordan,36.24561451561561,1.758954464875116,2023-24,V2
Day'Ron Sharpe,22,LeBron James,31.862164990200842,2.1385186797807005,2023-24,V2
Day'Ron Sharpe,22,Magic Johnson,31.394957414383775,2.185224897109892,2023-24,V2
De'Aaron Fox,26,Larry Bird,29.093499498872855,2.437193934125189,2023-24,V2
De'Aaron Fox,26,Magic Johnson,26.511438221256714,2.7719568122041975,2023-24,V2
De'Aaron Fox,26,LeBron James,26.484372306978848,2.775811593376868,2023-24,V2
De'Aaron Fox,26,Michael Jordan,24.34689697432891,3.10729959162512,2023-24,V2
De'Aaron Fox,26,Kareem Abdul-Jabbar,23.973252288731885,3.1713155476615436,2023-24,V2
De'Andre Hunter,26,Larry Bird,25.652100582379095,2.8983162286792163,2023-24,V2
De'Andre Hunter,26,Magic Johnson,24.4144134462822,3.095941121830551,2023-24,V2
De'Andre Hunter,26,LeBron James,23.542038406023675,3.247720536145805,2023-24,V2
De'Andre Hunter,26,Kareem Abdul-Jabbar,22.392375913538515,3.4658057003919636,2023-24,V2
De'Andre Hunter,26,Michael Jordan,22.278493657516673,3.488633815969887,2023-24,V2
Dean Wade,27,Larry Bird,22.924052404553315,3.3622304745795026,2023-24,V2
Dean Wade,27,Kareem Abdul-Jabbar,21.954078286784725,3.5549623488495565,2023-24,V2
Dean Wade,27,Michael Jordan,21.51870528948867,3.647119733957573,2023-24,V2
Dean Wade,27,Magic Johnson,21.398430081809284,3.6732400282490625,2023-24,V2
Dean Wade,27,LeBron James,20.740729915899504,3.8214310877912565,2023-24,V2
Deandre Ayton,25,Larry Bird,33.94784146504224,1.945695386935718,2023-24,V2
Deandre Ayton,25,Magic Johnson,27.420996456089267,2.6468404844490405,2023-24,V2
Deandre Ayton,25,Michael Jordan,26.29637985821475,2.8028048172098834,2023-24,V2
Deandre Ayton,25,LeBron James,24.731513847030865,3.0434241356400213,2023-24,V2
Deandre Ayton,25,Kareem Abdul-Jabbar,22.309922641733994,3.482310477084994,2023-24,V2
Dejounte Murray,27,Larry Bird,27.71821922852072,2.607735373458075,2023-24,V2
Dejounte Murray,27,Kareem Abdul-Jabbar,24.699143192790057,3.048723440301001,2023-24,V2
Dejounte Murray,27,Magic Johnson,24.26128058661489,3.1217939689123697,2023-24,V2
Dejounte Murray,27,Michael Jordan,23.817787423309714,3.198542804279677,2023-24,V2
Dejounte Murray,27,LeBron James,23.308359677870754,3.2903061983783113,2023-24,V2
Deni Avdija,23,Larry Bird,56.67922790553562,0.7643147885970661,2023-24,V2
Deni Avdija,23,Kareem Abdul-Jabbar,45.95425748525081,1.176076939815541,2023-24,V2
Deni Avdija,23,Magic Johnson,36.07317870364046,1.772142727469374,2023-24,V2
Deni Avdija,23,LeBron James,31.517725971436114,2.1728177372513486,2023-24,V2
Dennis Smith Jr.,26,Larry Bird,21.733904820187586,3.601106005908095,2023-24,V2
Dennis Smith Jr.,26,Magic Johnson,19.895379711920803,4.026292609036386,2023-24,V2
Dennis Smith Jr.,26,LeBron James,19.78128823717203,4.055282487218648,2023-24,V2
Dennis Smith Jr.,26,Michael Jordan,18.3253924330538,4.456909060219001,2023-24,V2
Dennis Smith Jr.,26,Kareem Abdul-Jabbar,18.22306993400076,4.487549593025441,2023-24,V2
Dereck Lively II,20,Magic Johnson,35.94973796972923,1.7816614431015614,2023-24,V2
Dereck Lively II,20,LeBron James,25.60264043564588,2.905847143045943,2023-24,V2
Derrick Jones Jr.,27,Larry Bird,23.320293801962983,3.288110640852326,2023-24,V2
Derrick Jones Jr.,27,Kareem Abdul-Jabbar,22.17156184077128,3.510282167677968,2023-24,V2
Derrick Jones Jr.,27,Michael Jordan,21.69419967207829,3.6095270400182526,2023-24,V2
Derrick Jones Jr.,27,Magic Johnson,21.609569200579955,3.6275795260794106,2023-24,V2
Derrick Jones Jr.,27,LeBron James,20.91781128246149,3.780614886025139,2023-24,V2
Desmond Bane,26,Larry Bird,28.69396280280945,2.4850536570086064,2023-24,V2
Desmond Bane,26,Magic Johnson,26.853071730688278,2.72396875124412,2023-24,V2
Desmond Bane,26,LeBron James,26.37620138224109,2.7912965006147283,2023-24,V2
Desmond Bane,26,Michael Jordan,24.65773198184682,3.055523033246555,2023-24,V2
Desmond Bane,26,Kareem Abdul-Jabbar,24.45517764107082,3.089113621160403,2023-24,V2
Devin Booker,27,Larry Bird,34.356048559651946,1.9106956181637516,2023-24,V2
Devin Booker,27,Kareem Abdul-Jabbar,32.948198967803044,2.0350672611185794,2023-24,V2
Devin Booker,27,Magic Johnson,32.30960732614165,2.095054637791595,2023-24,V2
Devin Booker,27,Michael Jordan,31.844857244842547,2.1402244711332647,2023-24,V2
Devin Booker,27,LeBron James,30.99738189642693,2.2260789099587472,2023-24,V2
Devin Vassell,23,Larry Bird,53.73041802504208,0.8611431601628917,2023-24,V2
Devin Vassell,23,Kareem Abdul-Jabbar,40.962144866572075,1.44127841268407,2023-24,V2
Devin Vassell,23,Magic Johnson,32.738673700775706,2.054491483496798,2023-24,V2
Devin Vassell,23,LeBron James,30.212104574914534,2.309931612080781,2023-24,V2
Donovan Mitchell,27,Larry Bird,29.797109450790973,2.356030227198614,2023-24,V2
Donovan Mitchell,27,Kareem Abdul-Jabbar,27.991336001146493,2.5725340153790484,2023-24,V2
Donovan Mitchell,27,Magic Johnson,27.52958289417184,2.6324560522553555,2023-24,V2
Donovan Mitchell,27,Michael Jordan,27.149583876575953,2.6832977055783807,2023-24,V2
Donovan Mitchell,27,LeBron James,26.557484093931773,2.76541692150912,2023-24,V2
Donte DiVincenzo,27,Larry Bird,25.533410498158563,2.9164372502142584,2023-24,V2
Donte DiVincenzo,27,Kareem Abdul-Jabbar,24.283225087362062,3.118069146097233,2023-24,V2
Donte DiVincenzo,27,Michael Jordan,23.711646633456112,3.217336802704554,2023-24,V2
Donte DiVincenzo,27,Magic Johnson,23.696842047312934,3.2199715810377083,2023-24,V2
Donte DiVincenzo,27,LeBron James,22.90821357292681,3.365246538393598,2023-24,V2
Drew Eubanks,27,Kareem Abdul-Jabbar,22.64136935615829,3.416693991735121,2023-24,V2
Drew Eubanks,27,Michael Jordan,22.453472956681843,3.453654015702786,2023-24,V2
Drew Eubanks,27,Larry Bird,22.402008310515004,3.4638854969561907,2023-24,V2
Drew Eubanks,27,Magic Johnson,22.113672724173124,3.522089172943533,2023-24,V2
Drew Eubanks,27,LeBron James,21.636134053683126,3.6218977822878196,2023-24,V2
Dyson Daniels,21,Magic Johnson,25.876774162262027,2.864469325772346,2023-24,V2
Dyson Daniels,21,LeBron James,24.790210181109096,3.033850430046095,2023-24,V2
Eugene Omoruyi,27,Larry Bird,21.621510829524166,3.6250236992435343,2023-24,V2
Eugene Omoruyi,27,Kareem Abdul-Jabbar,19.883048100932335,4.029409952255303,2023-24,V2
Eugene Omoruyi,27,Magic Johnson,19.38845210501002,4.157709313687799,2023-24,V2
Eugene Omoruyi,27,Michael Jordan,19.365513751809413,4.163818594312094,2023-24,V2
Eugene Omoruyi,27,LeBron James,18.716693002187633,4.342824183113538,2023-24,V2
Evan Mobley,23,Kareem Abdul-Jabbar,55.07779127028844,0.8156138380578948,2023-24,V2
Evan Mobley,23,Larry Bird,53.95991961172643,0.8532273717151401,2023-24,V2
Evan Mobley,23,Magic Johnson,42.64096346558199,1.3451627700841198,2023-24,V2
Evan Mobley,23,LeBron James,33.203902819746034,2.0116941536321744,2023-24,V2
Franz Wagner,22,Michael Jordan,43.09026045935227,1.3207100382772483,2023-24,V2
Franz Wagner,22,LeBron James,40.16929390233419,1.48946372428491,2023-24,V2
Franz Wagner,22,Magic Johnson,37.78667417474005,1.6464356068375248,2023-24,V2
GG Jackson,19,LeBron James,42.34439286423798,1.3615877625312496,2023-24,V2
Garrison Mathews,27,Kareem Abdul-Jabbar,21.378742057475097,3.6775436894817166,2023-24,V2
Garrison Mathews,27,Michael Jordan,21.3169034487174,3.6911128645195803,2023-24,V2
Garrison Mathews,27,Magic Johnson,20.908718890450434,3.7826937902767757,2023-24,V2
Garrison Mathews,27,Larry Bird,20.808205511546404,3.8057964414331806,2023-24,V2
Garrison Mathews,27,LeBron James,20.558002150690392,3.864285900302901,2023-24,V2
Gary Trent Jr.,25,Larry Bird,26.699830515413183,2.74534212650797,2023-24,V2
Gary Trent Jr.,25,Magic Johnson,21.93353604264713,3.5592283800278257,2023-24,V2
Gary Trent Jr.,25,Michael Jordan,21.740944207572955,3.599616237696213,2023-24,V2
Gary Trent Jr.,25,LeBron James,20.32835398162,3.919237440002057,2023-24,V2
Gary Trent Jr.,25,Kareem Abdul-Jabbar,18.558998940971733,4.388221655599927,2023-24,V2
Goga Bitadze,24,Michael Jordan,30.314686735785592,2.2987311025699286,2023-24,V2
Goga Bitadze,24,Larry Bird,29.01388551492427,2.446625580312628,2023-24,V2
Goga Bitadze,24,Magic Johnson,26.0497156659837,2.838813493484009,2023-24,V2
Goga Bitadze,24,Kareem Abdul-Jabbar,23.24053369063085,3.302827178203477,2023-24,V2
Goga Bitadze,24,LeBron James,22.151795469210935,3.5143067585194743,2023-24,V2
Gradey Dick,20,Magic Johnson,26.768524499181133,2.7357307461253257,2023-24,V2
Gradey Dick,20,LeBron James,26.2441435506494,2.810373914736705,2023-24,V2
Grant Williams,25,Larry Bird,28.345924090366616,2.5278440625608347,2023-24,V2
Grant Williams,25,Magic Johnson,24.480752163345354,3.0848418109362026,2023-24,V2
Grant Williams,25,Michael Jordan,23.571667364346293,3.2423812645199903,2023-24,V2
Grant Williams,25,LeBron James,21.68386517039126,3.611723934556987,2023-24,V2
Grant Williams,25,Kareem Abdul-Jabbar,20.290184800516577,3.928491336237314,2023-24,V2
Haywood Highsmith,27,Larry Bird,22.846118878983297,3.3771110764897774,2023-24,V2
Haywood Highsmith,27,Kareem Abdul-Jabbar,21.641876745903296,3.6206713573918456,2023-24,V2
Haywood Highsmith,27,Michael Jordan,21.17048907509189,3.7235564395937772,2023-24,V2
Haywood Highsmith,27,Magic Johnson,21.091988543637505,3.7411366544746896,2023-24,V2
Haywood Highsmith,27,LeBron James,20.414340966339722,3.8985171828414864,2023-24,V2
Herbert Jones,25,Larry Bird,27.993207881981675,2.572295123216899,2023-24,V2
Herbert Jones,25,Magic Johnson,26.96377870272004,2.7086790061035564,2023-24,V2
Herbert Jones,25,Michael Jordan,24.80284792395356,3.031795070735573,2023-24,V2
Herbert Jones,25,LeBron James,22.426881582147363,3.458934677730842,2023-24,V2
Herbert Jones,25,Kareem Abdul-Jabbar,22.039802889321688,3.5372456596900927,2023-24,V2
Immanuel Quickley,25,Larry Bird,31.811133888571153,2.1435534599389805,2023-24,V2
Immanuel Quickley,25,Magic Johnson,25.77041551296878,2.880418612174713,2023-24,V2
Immanuel Quickley,25,Michael Jordan,24.98595894113568,3.00224783189589,2023-24,V2
Immanuel Quickley,25,LeBron James,23.37003427726538,3.278983882247921,2023-24,V2
Immanuel Quickley,25,Kareem Abdul-Jabbar,21.181258707170784,3.7211547426190315,2023-24,V2
Isaac Okoro,23,Larry Bird,37.383593731242335,1.6749702214002957,2023-24,V2
Isaac Okoro,23,Kareem Abdul-Jabbar,32.97601665783033,2.032506959152523,2023-24,V2
Isaac Okoro,23,Magic Johnson,28.709643056639315,2.4831502364106983,2023-24,V2
Isaac Okoro,23,LeBron James,25.450579861152438,2.929183560671606,2023-24,V2
Isaiah Hartenstein,26,Magic Johnson,26.34504544898953,2.7957801285112422,2023-24,V2
Isaiah Hartenstein,26,Larry Bird,25.628704786351896,2.9018749029117226,2023-24,V2
Isaiah Hartenstein,26,Kareem Abdul-Jabbar,25.051683818763102,2.991747649517372,2023-24,V2
Isaiah Hartenstein,26,LeBron James,24.564494148248503,3.070916315088467,2023-24,V2
Isaiah Hartenstein,26,Michael Jordan,24.499791654009893,3.0816673632256353,2023-24,V2
Isaiah Jackson,22,Michael Jordan,31.425895717181618,2.182089093019123,2023-24,V2
Isaiah Jackson,22,Magic Johnson,28.03942465090029,2.5664069874839317,2023-24,V2
Isaiah Jackson,22,LeBron James,25.34265580224328,2.9459163546366836,2023-24,V2
Isaiah Joe,24,Michael Jordan,29.614602466890084,2.376712556307405,2023-24,V2
Isaiah Joe,24,Larry Bird,28.5184215160585,2.506505433468356,2023-24,V2
Isaiah Joe,24,Magic Johnson,25.454333687767985,2.9286041122362887,2023-24,V2
Isaiah Joe,24,Kareem Abdul-Jabbar,22.796860551469358,3.386568921375209,2023-24,V2
Isaiah Joe,24,LeBron James,21.830284522645666,3.5807923344409414,2023-24,V2
Isaiah Stewart,23,Larry Bird,44.111195928066245,1.266998159901937,2023-24,V2
Isaiah Stewart,23,Kareem Abdul-Jabbar,38.02709855248581,1.6297036536189549,2023-24,V2
Isaiah Stewart,23,Magic Johnson,31.949609167534568,2.1299287410881536,2023-24,V2
Isaiah Stewart,23,LeBron James,27.965978508239843,2.5757733265273086,2023-24,V2
Ivica Zubac,27,Michael Jordan,25.90130852926305,2.860808803810856,2023-24,V2
Ivica Zubac,27,Kareem Abdul-Jabbar,25.876253550439298,2.86454707614744,2023-24,V2
Ivica Zubac,27,Magic Johnson,25.428546310906796,2.932588154168611,2023-24,V2
Ivica Zubac,27,LeBron James,25.112997465819095,2.982001755708709,2023-24,V2
Ivica Zubac,27,Larry Bird,24.387429857453803,3.100473095545814,2023-24,V2
JT Thor,21,Magic Johnson,22.493860255775097,3.445657564460324,2023-24,V2
JT Thor,21,LeBron James,21.633435643379727,3.6224742869541404,2023-24,V2
Jabari Smith Jr.,21,Magic Johnson,35.07008406440561,1.851433142171878,2023-24,V2
Jabari Smith Jr.,21,LeBron James,32.25161985769757,2.1006194554328026,2023-24,V2
Jabari Walker,21,Magic Johnson,28.821624468326917,2.4696170616577655,2023-24,V2
Jabari Walker,21,LeBron James,27.28709860390433,2.6647355386362572,2023-24,V2
Jacob Gilyard,25,Larry Bird,25.366141205233937,2.942263002910606,2023-24,V2
Jacob Gilyard,25,Magic Johnson,22.049686703621575,3.535211830632287,2023-24,V2
Jacob Gilyard,25,Michael Jordan,21.521682837577252,3.6464767999181817,2023-24,V2
Jacob Gilyard,25,LeBron James,19.842745833793675,4.039625102171724,2023-24,V2
Jacob Gilyard,25,Kareem Abdul-Jabbar,18.640490151894166,4.364665799297044,2023-24,V2
Jaden Hardy,21,Magic Johnson,23.588617488643855,3.239332807365353,2023-24,V2
Jaden Hardy,21,LeBron James,22.73100524602278,3.3992775030262643,2023-24,V2
Jaden Ivey,22,LeBron James,32.742593659714565,2.054125798318683,2023-24,V2
Jaden Ivey,22,Michael Jordan,32.16478091784612,2.108990552598994,2023-24,V2
Jaden Ivey,22,Magic Johnson,29.257209801213495,2.4179609292698965,2023-24,V2
Jaden McDaniels,23,Larry Bird,37.01156048144776,1.7018585193165667,2023-24,V2
Jaden McDaniels,23,Kareem Abdul-Jabbar,31.047037211522323,2.22091925611786,2023-24,V2
Jaden McDaniels,23,Magic Johnson,26.758094128252022,2.737186943161879,2023-24,V2
Jaden McDaniels,23,LeBron James,24.875711970708664,3.0199854427383124,2023-24,V2
Jaden Springer,21,Magic Johnson,20.89051768700199,3.7868607900616884,2023-24,V2
Jaden Springer,21,LeBron James,20.35555999908297,3.9126626830460594,2023-24,V2
Jaime Jaquez Jr.,23,Larry Bird,41.582710123665315,1.4048456606749296,2023-24,V2
Jaime Jaquez Jr.,23,Kareem Abdul-Jabbar,34.054774621101096,1.936445802757942,2023-24,V2
Jaime Jaquez Jr.,23,Magic Johnson,28.732932818964166,2.480326934603714,2023-24,V2
Jaime Jaquez Jr.,23,LeBron James,26.580747057834188,2.7621215002881883,2023-24,V2
Jalen Brunson,27,Larry Bird,30.354329468339845,2.294422962111614,2023-24,V2
Jalen Brunson,27,Kareem Abdul-Jabbar,28.297666629079103,2.5338602758588764,2023-24,V2
Jalen Brunson,27,Magic Johnson,27.825883941634455,2.59377621964329,2023-24,V2
Jalen Brunson,27,Michael Jordan,27.39475980189826,2.6503331557983114,2023-24,V2
Jalen Brunson,27,LeBron James,26.800810555369523,2.7312304339976414,2023-24,V2
Jalen Duren,20,Magic Johnson,70.70381989430832,0.4143507401648891,2023-24,V2
Jalen Duren,20,LeBron James,42.67490785888061,1.34329738521486,2023-24,V2
Jalen Green,22,LeBron James,36.24117980525798,1.7592920687833595,2023-24,V2
Jalen Green,22,Michael Jordan,35.187435954979954,1.8419234674542224,2023-24,V2
Jalen Green,22,Magic Johnson,32.134897730970145,2.1118816943868652,2023-24,V2
Jalen Johnson,22,Michael Jordan,47.81040287500649,1.09159500833816,2023-24,V2
Jalen Johnson,22,LeBron James,42.68995398498036,1.3424714872071093,2023-24,V2
Jalen Johnson,22,Magic Johnson,41.4567541468956,1.4121521826254286,2023-24,V2
Jalen McDaniels,26,Larry Bird,16.547441607539923,5.043230269169496,2023-24,V2
Jalen McDaniels,26,LeBron James,15.307226321009342,5.532862185669057,2023-24,V2
Jalen McDaniels,26,Magic Johnson,15.231033406022725,5.565542687369955,2023-24,V2
Jalen McDaniels,26,Michael Jordan,14.271187619422461,6.007125311975044,2023-24,V2
Jalen McDaniels,26,Kareem Abdul-Jabbar,14.166714037205624,6.05879992617716,2023-24,V2
Jalen Smith,24,Michael Jordan,29.969372675081953,2.3367398471822214,2023-24,V2
Jalen Smith,24,Magic Johnson,28.987021146238046,2.4498198174798675,2023-24,V2
Jalen Smith,24,Larry Bird,27.083872767697382,2.6922341519514457,2023-24,V2
Jalen Smith,24,Kareem Abdul-Jabbar,26.58865243393629,2.7610029409525665,2023-24,V2
Jalen Smith,24,LeBron James,22.707283010180912,3.403873416082609,2023-24,V2
Jalen Suggs,23,Larry Bird,41.41692466913111,1.4144718807316967,2023-24,V2
Jalen Suggs,23,Kareem Abdul-Jabbar,36.34499903848555,1.751410170464181,2023-24,V2
Jalen Suggs,23,Magic Johnson,31.024199907064965,2.2232902153659593,2023-24,V2
Jalen Suggs,23,LeBron James,27.09651838688549,2.690511030686483,2023-24,V2
Jalen Williams,23,Larry Bird,51.35471034098933,0.9472410483091342,2023-24,V2
Jalen Williams,23,Kareem Abdul-Jabbar,49.018674461334896,1.040038844356722,2023-24,V2
Jalen Williams,23,Magic Johnson,39.317062522560335,1.5434250064490314,2023-24,V2
Jalen Williams,23,LeBron James,31.610168387595795,2.1635389844756787,2023-24,V2
Jalen Wilson,23,Larry Bird,31.206668101025006,2.2044433476932266,2023-24,V2
Jalen Wilson,23,Kareem Abdul-Jabbar,26.157370745097214,2.8230142079070935,2023-24,V2
Jalen Wilson,23,Magic Johnson,22.9405676718071,3.35909003781521,2023-24,V2
Jalen Wilson,23,LeBron James,22.24748023084632,3.494891060127751,2023-24,V2
Jamal Murray,27,Larry Bird,28.033770784698095,2.5671262623929216,2023-24,V2
Jamal Murray,27,Kareem Abdul-Jabbar,26.0608747330891,2.8371697429262226,2023-24,V2
Jamal Murray,27,Magic Johnson,25.564068772309557,2.911740376333122,2023-24,V2
Jamal Murray,27,Michael Jordan,25.285223228149253,2.9548790650451173,2023-24,V2
Jamal Murray,27,LeBron James,24.64889541475442,3.0569769280671975,2023-24,V2
James Wiseman,23,Larry Bird,34.9519936828802,1.8610671227312818,2023-24,V2
James Wiseman,23,Kareem Abdul-Jabbar,33.91101647990041,1.948894205494299,2023-24,V2
James Wiseman,23,Magic Johnson,30.688019564711325,2.258600633681546,2023-24,V2
James Wiseman,23,LeBron James,25.41497666309511,2.9346878545518877,2023-24,V2
Jared Butler,23,Larry Bird,35.28201639714392,1.8343051279828495,2023-24,V2
Jared Butler,23,Kareem Abdul-Jabbar,30.28848709194779,2.301584516137323,2023-24,V2
Jared Butler,23,Magic Johnson,26.4122918405813,2.7861159721987656,2023-24,V2
Jared Butler,23,LeBron James,24.270918843187683,3.120157157876527,2023-24,V2
Jaren Jackson Jr.,24,Larry Bird,40.2446975039822,1.4847993947551732,2023-24,V2
Jaren Jackson Jr.,24,Michael Jordan,37.35916741966227,1.6767191805074764,2023-24,V2
Jaren Jackson Jr.,24,Magic Johnson,26.12862226215994,2.827220547515138,2023-24,V2
Jaren Jackson Jr.,24,LeBron James,24.036919148284927,3.1602669370019982,2023-24,V2
Jaren Jackson Jr.,24,Kareem Abdul-Jabbar,21.67592987301471,3.613412231255383,2023-24,V2
Jarrett Allen,26,Magic Johnson,28.71551922001034,2.48243746643854,2023-24,V2
Jarrett Allen,26,Larry Bird,27.9083357600467,2.5831588404192494,2023-24,V2
Jarrett Allen,26,Kareem Abdul-Jabbar,27.267169629645224,2.6674140131977135,2023-24,V2
Jarrett Allen,26,LeBron James,26.96891968456733,2.7079720348317813,2023-24,V2
Jarrett Allen,26,Michael Jordan,26.895766443117697,2.7180572716338705,2023-24,V2
Jaxson Hayes,24,Magic Johnson,24.502126020346257,3.08127849464823,2023-24,V2
Jaxson Hayes,24,Michael Jordan,23.996071059004873,3.1673488861616605,2023-24,V2
Jaxson Hayes,24,Kareem Abdul-Jabbar,23.979706982434543,3.1701927414397235,2023-24,V2
Jaxson Hayes,24,Larry Bird,22.10482286890788,3.5238996300964542,2023-24,V2
Jaxson Hayes,24,LeBron James,19.90903073960874,4.0228462303316155,2023-24,V2
Jaylen Brown,27,Larry Bird,28.52479771024616,2.5057216186349964,2023-24,V2
Jaylen Brown,27,Kareem Abdul-Jabbar,26.15661783044618,2.8231242528458886,2023-24,V2
Jaylen Brown,27,Magic Johnson,25.588175701030796,2.90805507857958,2023-24,V2
Jaylen Brown,27,Michael Jordan,25.30789610717578,2.9513359615715387,2023-24,V2
Jaylen Brown,27,LeBron James,24.589678333321164,3.066746975884238,2023-24,V2
Jaylin Williams,22,Michael Jordan,29.131596899375655,2.432698878314604,2023-24,V2
Jaylin Williams,22,LeBron James,27.708733273184933,2.6089704648019687,2023-24,V2
Jaylin Williams,22,Magic Johnson,26.05882698130969,2.837471274962742,2023-24,V2
Jayson Tatum,26,Larry Bird,51.134334685918326,0.9556331497071104,2023-24,V2
Jayson Tatum,26,LeBron James,43.54735449062718,1.2963507466687392,2023-24,V2
Jayson Tatum,26,Magic Johnson,43.256132267998915,1.311810944641032,2023-24,V2
Jayson Tatum,26,Michael Jordan,37.31646474341976,1.6797822539616007,2023-24,V2
Jayson Tatum,26,Kareem Abdul-Jabbar,36.24093753512867,1.7593105146098686,2023-24,V2
Jeremy Sochan,21,Magic Johnson,27.41810395312997,2.6472252118872097,2023-24,V2
Jeremy Sochan,21,LeBron James,26.81212884862816,2.729655357266288,2023-24,V2
Jericho Sims,25,Magic Johnson,23.970300070155897,3.1718292932220944,2023-24,V2
Jericho Sims,25,Larry Bird,21.97457079469204,3.5507145934406608,2023-24,V2
Jericho Sims,25,Michael Jordan,21.60197432081088,3.629206502836277,2023-24,V2
Jericho Sims,25,Kareem Abdul-Jabbar,20.582723128083448,3.858443626614117,2023-24,V2
Jericho Sims,25,LeBron James,19.445105021701636,4.142682432848543,2023-24,V2
John Collins,26,Larry Bird,27.3773001881711,2.6526611211724584,2023-24,V2
John Collins,26,Magic Johnson,26.644040506104734,2.753184505821773,2023-24,V2
John Collins,26,LeBron James,25.445035573253755,2.9300397011475905,2023-24,V2
John Collins,26,Kareem Abdul-Jabbar,24.567940696571213,3.070345220833114,2023-24,V2
John Collins,26,Michael Jordan,24.393665890149386,3.099424844561056,2023-24,V2
Johnny Davis,22,LeBron James,21.139653153860976,3.7304465816997503,2023-24,V2
Johnny Davis,22,Michael Jordan,20.425011285416517,3.895958127151691,2023-24,V2
Johnny Davis,22,Magic Johnson,19.144663985071823,4.223387575669944,2023-24,V2
Jonathan Isaac,26,Larry Bird,23.794500081668744,3.202651858907508,2023-24,V2
Jonathan Isaac,26,Magic Johnson,23.069328761554992,3.334759846443814,2023-24,V2
Jonathan Isaac,26,LeBron James,22.03581381097326,3.538067023882849,2023-24,V2
Jonathan Isaac,26,Kareem Abdul-Jabbar,21.387991446929533,3.675520852349884,2023-24,V2
Jonathan Isaac,26,Michael Jordan,21.128987886197276,3.7328343666345702,2023-24,V2
Jonathan Kuminga,21,Magic Johnson,36.59453961797923,1.7326481230240456,2023-24,V2
Jonathan Kuminga,21,LeBron James,32.417870215262,2.0847183771166136,2023-24,V2
Jordan Goodwin,25,Larry Bird,21.21358723520292,3.713959920651933,2023-24,V2
Jordan Goodwin,25,Michael Jordan,17.47437591654039,4.722665031221224,2023-24,V2
Jordan Goodwin,25,Magic Johnson,17.033104477222718,4.870920367671296,2023-24,V2
Jordan Goodwin,25,LeBron James,16.883943133693133,4.922787065092795,2023-24,V2
Jordan Goodwin,25,Kareem Abdul-Jabbar,15.06217658617314,5.639146701533067,2023-24,V2
Jordan Hawkins,22,Michael Jordan,26.82992838898705,2.727181025240726,2023-24,V2
Jordan Hawkins,22,LeBron James,26.527158783644502,2.7697214698189114,2023-24,V2
Jordan Hawkins,22,Magic Johnson,24.372867649655195,3.10292303053698,2023-24,V2
Jordan Nwora,25,Larry Bird,25.376678023491156,2.940626109825334,2023-24,V2
Jordan Nwora,25,Magic Johnson,21.76584878887248,3.5943533362743825,2023-24,V2
Jordan Nwora,25,Michael Jordan,21.356859548419095,3.6823363600479517,2023-24,V2
Jordan Nwora,25,LeBron James,19.760423266105125,4.060620344683056,2023-24,V2
Jordan Nwora,25,Kareem Abdul-Jabbar,18.437933410138218,4.423601321014337,2023-24,V2
Jordan Poole,25,Larry Bird,28.20609198698042,2.5453333998257803,2023-24,V2
Jordan Poole,25,Michael Jordan,22.080367530478192,3.528910121716362,2023-24,V2
Jordan Poole,25,Magic Johnson,21.998465837377836,3.545771543308666,2023-24,V2
Jordan Poole,25,LeBron James,21.019188768422875,3.7575575395293077,2023-24,V2
Jordan Poole,25,Kareem Abdul-Jabbar,18.667080641010457,4.357024053365152,2023-24,V2
Jose Alvarado,26,Larry Bird,22.289518129649288,3.486413722285949,2023-24,V2
Jose Alvarado,26,Magic Johnson,20.704044493823123,3.8299741642186946,2023-24,V2
Jose Alvarado,26,LeBron James,20.32867572445775,3.9191595830164396,2023-24,V2
Jose Alvarado,26,Kareem Abdul-Jabbar,18.99539470851892,4.2644339080331255,2023-24,V2
Jose Alvarado,26,Michael Jordan,18.994497869506684,4.264682472103547,2023-24,V2
Josh Giddey,21,Magic Johnson,32.99641400152534,2.030632358879279,2023-24,V2
Josh Giddey,21,LeBron James,31.41878885714109,2.1828088744824825,2023-24,V2
Josh Green,23,Larry Bird,37.686332333704755,1.6534818807656972,2023-24,V2
Josh Green,23,Kareem Abdul-Jabbar,32.44119270573656,2.082500723911949,2023-24,V2
Josh Green,23,Magic Johnson,28.051868032909535,2.5648249835869494,2023-24,V2
Josh Green,23,LeBron James,25.360033192298626,2.9432125045628155,2023-24,V2
Josh Okogie,25,Larry Bird,24.21542591621854,3.1295990558243263,2023-24,V2
Josh Okogie,25,Magic Johnson,20.694228542006606,3.832265179492578,2023-24,V2
Josh Okogie,25,Michael Jordan,20.453896711617872,3.8890439513757644,2023-24,V2
Josh Okogie,25,LeBron James,18.997426599405205,4.26387084465066,2023-24,V2
Josh Okogie,25,Kareem Abdul-Jabbar,17.684507062120336,4.654667085077926,2023-24,V2
Julian Champagnie,23,Larry Bird,34.22764846988287,1.921614673236774,2023-24,V2
Julian Champagnie,23,Kareem Abdul-Jabbar,29.16090844790282,2.4292484467229194,2023-24,V2
Julian Champagnie,23,Magic Johnson,25.469751321721272,2.926226005776404,2023-24,V2
Julian Champagnie,23,LeBron James,23.734512048094675,3.2132738940393617,2023-24,V2
Julian Phillips,20,Magic Johnson,22.556883385332483,3.433236555411044,2023-24,V2
Julian Phillips,20,LeBron James,22.208294180746858,3.502822197244374,2023-24,V2
Julian Strawther,22,LeBron James,22.46687279882224,3.450997737666553,2023-24,V2
Julian Strawther,22,Michael Jordan,21.878630687705165,3.5706699577042373,2023-24,V2
Julian Strawther,22,Magic Johnson,20.365720618410844,3.91021171672162,2023-24,V2
KJ Martin,23,Larry Bird,30.982195290830184,2.227660243610854,2023-24,V2
KJ Martin,23,Kareem Abdul-Jabbar,26.723253382382705,2.742059343190787,2023-24,V2
KJ Martin,23,Magic Johnson,23.665853496733675,3.2254972977755414,2023-24,V2
KJ Martin,23,LeBron James,22.252650464989582,3.493846706365673,2023-24,V2
Keegan Murray,23,Larry Bird,45.01700116984232,1.2213829753500274,2023-24,V2
Keegan Murray,23,Kareem Abdul-Jabbar,35.61783090662368,1.807582535336352,2023-24,V2
Keegan Murray,23,Magic Johnson,29.53039825471555,2.3863410556622457,2023-24,V2
Keegan Murray,23,LeBron James,27.64904773584642,2.6167610890393185,2023-24,V2
Keldon Johnson,24,Larry Bird,38.135886283355674,1.622202071219328,2023-24,V2
Keldon Johnson,24,Michael Jordan,36.4651274690572,1.742346097236486,2023-24,V2
Keldon Johnson,24,Magic Johnson,26.28358028399557,2.804656706563351,2023-24,V2
Keldon Johnson,24,LeBron James,23.782457631667587,3.2047799074745233,2023-24,V2
Keldon Johnson,24,Kareem Abdul-Jabbar,22.025743951931137,3.5401417640302846,2023-24,V2
Keon Ellis,24,Michael Jordan,28.645143634955115,2.4909931426551455,2023-24,V2
Keon Ellis,24,Larry Bird,27.680472729745834,2.6126550646853137,2023-24,V2
Keon Ellis,24,Magic Johnson,24.8128693219056,3.030166713194946,2023-24,V2
Keon Ellis,24,Kareem Abdul-Jabbar,22.37866579432957,3.468541642251905,2023-24,V2
Keon Ellis,24,LeBron James,21.412484338084386,3.670172709578559,2023-24,V2
Kessler Edwards,23,Larry Bird,27.42774077915977,2.6459437474333396,2023-24,V2
Kessler Edwards,23,Kareem Abdul-Jabbar,23.746587888906657,3.2111313199112503,2023-24,V2
Kessler Edwards,23,Magic Johnson,21.261156338182033,3.7034130415763946,2023-24,V2
Kessler Edwards,23,LeBron James,20.43195352661657,3.8942946091635657,2023-24,V2
Kevin Huerter,25,Larry Bird,27.54017378577164,2.6310591493676054,2023-24,V2
Kevin Huerter,25,Magic Johnson,22.9721238194444,3.3531020808514254,2023-24,V2
Kevin Huerter,25,Michael Jordan,22.53436613318666,3.437666425093212,2023-24,V2
Kevin Huerter,25,LeBron James,20.93479776721634,3.776735897425237,2023-24,V2
Kevin Huerter,25,Kareem Abdul-Jabbar,19.268901171576914,4.189709527780835,2023-24,V2
Keyonte George,20,LeBron James,30.476627259662216,2.2812029739378823,2023-24,V2
Keyonte George,20,Magic Johnson,28.633774718840012,2.4923792263478113,2023-24,V2
Killian Hayes,22,LeBron James,25.159803333081474,2.9745938661020683,2023-24,V2
Killian Hayes,22,Michael Jordan,23.711026406882212,3.2174471186525535,2023-24,V2
Killian Hayes,22,Magic Johnson,22.2716255534787,3.4900180168654362,2023-24,V2
Kobe Brown,24,Larry Bird,23.552626974299706,3.245810885941453,2023-24,V2
Kobe Brown,24,Michael Jordan,21.945028522323444,3.5568407394994095,2023-24,V2
Kobe Brown,24,Magic Johnson,17.850221258563966,4.602171454990968,2023-24,V2
Kobe Brown,24,LeBron James,17.570079713910687,4.691493813817328,2023-24,V2
Kobe Brown,24,Kareem Abdul-Jabbar,16.059023162134466,5.227028816783188,2023-24,V2
Kris Murray,23,Larry Bird,27.30534461898598,2.662286683994748,2023-24,V2
Kris Murray,23,Kareem Abdul-Jabbar,22.737822192039598,3.397958571204305,2023-24,V2
Kris Murray,23,LeBron James,20.46484119121428,3.8864293187347476,2023-24,V2
Kris Murray,23,Magic Johnson,20.06417140904829,3.9840084577279513,2023-24,V2
Landry Shamet,27,Larry Bird,22.059129558338725,3.533270441861035,2023-24,V2
Landry Shamet,27,Kareem Abdul-Jabbar,20.348013025813284,3.9144847643423963,2023-24,V2
Landry Shamet,27,Magic Johnson,19.837936588228043,4.040846841870673,2023-24,V2
Landry Shamet,27,Michael Jordan,19.822429835955862,4.0447902112691665,2023-24,V2
Landry Shamet,27,LeBron James,19.15022303305203,4.221871297655728,2023-24,V2
Lauri Markkanen,27,Kareem Abdul-Jabbar,27.512536642721457,2.634706653864843,2023-24,V2
Lauri Markkanen,27,Larry Bird,27.317869001941187,2.6606076408410217,2023-24,V2
Lauri Markkanen,27,Michael Jordan,27.109329758795976,2.6887669628775566,2023-24,V2
Lauri Markkanen,27,Magic Johnson,27.05023164680033,2.696826012646314,2023-24,V2
Lauri Markkanen,27,LeBron James,26.402347202850095,2.787542040550287,2023-24,V2
Lonnie Walker IV,25,Larry Bird,25.14257177281255,2.9773178696116176,2023-24,V2
Lonnie Walker IV,25,Magic Johnson,21.032883351829163,3.754459877290353,2023-24,V2
Lonnie Walker IV,25,Michael Jordan,20.865136450185574,3.7926837305255487,2023-24,V2
Lonnie Walker IV,25,LeBron James,19.462750180557283,4.1380200163025815,2023-24,V2
Lonnie Walker IV,25,Kareem Abdul-Jabbar,17.92307136151533,4.579400872928588,2023-24,V2
Luguentz Dort,25,Larry Bird,27.54118493777147,2.6309258380112253,2023-24,V2
Luguentz Dort,25,Magic Johnson,24.210350518198016,3.130464774759611,2023-24,V2
Luguentz Dort,25,Michael Jordan,23.245500556521144,3.301907793159853,2023-24,V2
Luguentz Dort,25,LeBron James,21.312857564909592,3.6920033925738944,2023-24,V2
Luguentz Dort,25,Kareem Abdul-Jabbar,20.11748510896325,3.9708002495523393,2023-24,V2
Luka Dončić,25,LeBron James,62.1319451821788,0.609478018220534,2023-24,V2
Luka Dončić,25,Michael Jordan,47.651368058112446,1.0985756353951188,2023-24,V2
Luka Dončić,25,Larry Bird,47.09468728486577,1.1233817605608298,2023-24,V2
Luka Dončić,25,Magic Johnson,38.897744643860804,1.5708431405362446,2023-24,V2
Luka Dončić,25,Kareem Abdul-Jabbar,37.190484915525225,1.6888598045209906,2023-24,V2
Luka Samanic,24,Larry Bird,24.16235875504302,3.1386687870085788,2023-24,V2
Luka Samanic,24,Michael Jordan,22.376042517548814,3.4690655160121895,2023-24,V2
Luka Samanic,24,Magic Johnson,18.03261874036439,4.545506253961828,2023-24,V2
Luka Samanic,24,LeBron James,17.806385659096097,4.61596283010509,2023-24,V2
Luka Samanic,24,Kareem Abdul-Jabbar,16.14322531288086,5.19454898645371,2023-24,V2
Malachi Flynn,26,Larry Bird,21.53963560925981,3.6426040725132034,2023-24,V2
Malachi Flynn,26,Magic Johnson,20.029135346541157,3.992726758784875,2023-24,V2
Malachi Flynn,26,LeBron James,19.676632088139435,4.0821705438237785,2023-24,V2
Malachi Flynn,26,Kareem Abdul-Jabbar,18.41486032929348,4.4303968757734635,2023-24,V2
Malachi Flynn,26,Michael Jordan,18.4061666313623,4.4329617895346995,2023-24,V2
Malaki Branham,21,Magic Johnson,25.075804346039188,2.9879079697714803,2023-24,V2
Malaki Branham,21,LeBron James,24.060307462358892,3.1562228644187043,2023-24,V2
Malik Beasley,27,Larry Bird,24.114754814647256,3.1468387619375746,2023-24,V2
Malik Beasley,27,Kareem Abdul-Jabbar,23.17121149586723,3.315700109933216,2023-24,V2
Malik Beasley,27,Michael Jordan,22.70071525980729,3.405147540749732,2023-24,V2
Malik Beasley,27,Magic Johnson,22.5926665643197,3.4262150160675886,2023-24,V2
Malik Beasley,27,LeBron James,21.88927066514268,3.5684482379416993,2023-24,V2
Malik Monk,26,Larry Bird,26.109452023258495,2.830030592404592,2023-24,V2
Malik Monk,26,Magic Johnson,24.146238922481547,3.1414317286032563,2023-24,V2
Malik Monk,26,LeBron James,23.730719403118975,3.213947259721794,2023-24,V2
Malik Monk,26,Michael Jordan,22.06116165475771,3.5328528735219162,2023-24,V2
Malik Monk,26,Kareem Abdul-Jabbar,21.961475316878023,3.5534281534878094,2023-24,V2
MarJon Beauchamp,23,Larry Bird,31.45260171670317,2.179387222103606,2023-24,V2
MarJon Beauchamp,23,Kareem Abdul-Jabbar,28.07183012943499,2.5622900088421394,2023-24,V2
MarJon Beauchamp,23,Magic Johnson,25.101982108089985,2.9837491545247947,2023-24,V2
MarJon Beauchamp,23,LeBron James,22.749428535685148,3.39571481292984,2023-24,V2
Marcus Sasser,23,Larry Bird,34.73818821517133,1.8786763253337047,2023-24,V2
Marcus Sasser,23,Kareem Abdul-Jabbar,28.44517444271862,2.515534777309054,2023-24,V2
Marcus Sasser,23,Magic Johnson,24.545466265535588,3.074072128766627,2023-24,V2
Marcus Sasser,23,LeBron James,23.806563182964986,3.2005223194734786,2023-24,V2
Markelle Fultz,26,Larry Bird,20.984539686940977,3.765413084673553,2023-24,V2
Markelle Fultz,26,Magic Johnson,19.16559144712326,4.2176840081295754,2023-24,V2
Markelle Fultz,26,LeBron James,19.12765621559806,4.228032063774382,2023-24,V2
Markelle Fultz,26,Michael Jordan,17.70275078949764,4.648839617587915,2023-24,V2
Markelle Fultz,26,Kareem Abdul-Jabbar,17.582158606860954,4.687583773756753,2023-24,V2
Marvin Bagley III,25,Larry Bird,28.867074698662076,2.4641542672363257,2023-24,V2
Marvin Bagley III,25,Magic Johnson,27.192470100939865,2.677488644054578,2023-24,V2
Marvin Bagley III,25,Michael Jordan,25.13055503876582,2.97921971264631,2023-24,V2
Marvin Bagley III,25,LeBron James,22.79167490712415,3.3875669694087436,2023-24,V2
Marvin Bagley III,25,Kareem Abdul-Jabbar,22.144745534144437,3.515743919739898,2023-24,V2
Matisse Thybulle,27,Larry Bird,21.76245368550945,3.595070089297196,2023-24,V2
Matisse Thybulle,27,Kareem Abdul-Jabbar,19.791359994372172,4.052709870793911,2023-24,V2
Matisse Thybulle,27,Magic Johnson,19.3058946679619,4.1797651297637,2023-24,V2
Matisse Thybulle,27,Michael Jordan,19.237527003683912,4.198173340099816,2023-24,V2
Matisse Thybulle,27,LeBron James,18.613099311483975,4.372560384841532,2023-24,V2
Max Christie,21,Magic Johnson,24.25942490315648,3.1221092585335217,2023-24,V2
Max Christie,21,LeBron James,23.016476422403912,3.344713680963843,2023-24,V2
Michael Porter Jr.,26,Larry Bird,27.17235299194345,2.6802112805486447,2023-24,V2
Michael Porter Jr.,26,Magic Johnson,25.907565389496426,2.8598763911850433,2023-24,V2
Michael Porter Jr.,26,LeBron James,24.9957564456481,3.0006790839654927,2023-24,V2
Michael Porter Jr.,26,Kareem Abdul-Jabbar,23.71880892689424,3.216063306897851,2023-24,V2
Michael Porter Jr.,26,Michael Jordan,23.656073107025943,3.227244291458485,2023-24,V2
Mikal Bridges,27,Larry Bird,26.488787483555246,2.7751822374686625,2023-24,V2
Mikal Bridges,27,Kareem Abdul-Jabbar,23.89942408484526,3.184201244556787,2023-24,V2
Mikal Bridges,27,Magic Johnson,23.368420896810985,3.2792793078135065,2023-24,V2
Mikal Bridges,27,Michael Jordan,23.112975739182854,3.3265740045091854,2023-24,V2
Mikal Bridges,27,LeBron James,22.454622461956827,3.4534260226117124,2023-24,V2
Miles Bridges,26,Larry Bird,27.097432040200022,2.6903865964732887,2023-24,V2
Miles Bridges,26,Magic Johnson,24.74100680206803,3.0418727014634377,2023-24,V2
Miles Bridges,26,LeBron James,24.639946764721152,3.058450326815537,2023-24,V2
Miles Bridges,26,Michael Jordan,22.718479812312616,3.4017029671942893,2023-24,V2
Miles Bridges,26,Kareem Abdul-Jabbar,22.44565159116079,3.45520592680769,2023-24,V2
Miles McBride,23,Larry Bird,34.313426263822876,1.9143111279864056,2023-24,V2
Miles McBride,23,Kareem Abdul-Jabbar,30.174587049089133,2.3140470103970703,2023-24,V2
Miles McBride,23,Magic Johnson,26.579395616655958,2.7623127870272217,2023-24,V2
Miles McBride,23,LeBron James,24.01961210327224,3.16326456772284,2023-24,V2
Mo Bamba,26,Larry Bird,22.88249102024477,3.3701535777519696,2023-24,V2
Mo Bamba,26,Magic Johnson,21.678855624548525,3.612789610848407,2023-24,V2
Mo Bamba,26,LeBron James,20.994213693975674,3.763217211068742,2023-24,V2
Mo Bamba,26,Kareem Abdul-Jabbar,19.974923627629693,4.006276963265988,2023-24,V2
Mo Bamba,26,Michael Jordan,19.84981970892983,4.037829132272322,2023-24,V2
Moritz Wagner,27,Michael Jordan,23.776638937706252,3.2058089144557225,2023-24,V2
Moritz Wagner,27,Kareem Abdul-Jabbar,23.742384320012366,3.2118768971198217,2023-24,V2
Moritz Wagner,27,Magic Johnson,23.274499920808957,3.2965477385227655,2023-24,V2
Moritz Wagner,27,LeBron James,22.97434098836457,3.3526819790237,2023-24,V2
Moritz Wagner,27,Larry Bird,22.536717270498478,3.4372034666692235,2023-24,V2
Moses Moody,22,Michael Jordan,30.978493621649406,2.2280459218363906,2023-24,V2
Moses Moody,22,LeBron James,28.602013124255496,2.49625739858138,2023-24,V2
Moses Moody,22,Magic Johnson,27.41563446575195,2.64755373890477,2023-24,V2
Naji Marshall,26,Larry Bird,23.755764126536135,3.209504668734103,2023-24,V2
Naji Marshall,26,Magic Johnson,22.427218797228036,3.458867633304573,2023-24,V2
Naji Marshall,26,LeBron James,21.744712843053016,3.598819065663032,2023-24,V2
Naji Marshall,26,Kareem Abdul-Jabbar,20.599147364222326,3.8545698631043934,2023-24,V2
Naji Marshall,26,Michael Jordan,20.501800985062445,3.8776202672565065,2023-24,V2
Nassir Little,24,Larry Bird,26.60360728469712,2.758888745043302,2023-24,V2
Nassir Little,24,Michael Jordan,26.00151927569223,2.8459291143608656,2023-24,V2
Nassir Little,24,Magic Johnson,21.48637798771681,3.654111551847749,2023-24,V2
Nassir Little,24,LeBron James,19.846909636465696,4.038567808877666,2023-24,V2
Nassir Little,24,Kareem Abdul-Jabbar,19.30798017262311,4.179205649992873,2023-24,V2
Naz Reid,24,Michael Jordan,35.041876498637365,1.8537284526954088,2023-24,V2
Naz Reid,24,Larry Bird,34.646125721373366,1.8863256112445932,2023-24,V2
Naz Reid,24,Magic Johnson,27.043241602880677,2.697781555497692,2023-24,V2
Naz Reid,24,LeBron James,23.538166879032097,3.2484191956800363,2023-24,V2
Naz Reid,24,Kareem Abdul-Jabbar,23.07935167263458,3.332877345015328,2023-24,V2
Nic Claxton,25,Larry Bird,31.937162961665862,2.1311485030786823,2023-24,V2
Nic Claxton,25,Magic Johnson,29.620814178193825,2.376004433855763,2023-24,V2
Nic Claxton,25,Michael Jordan,27.03039050121251,2.699539597680406,2023-24,V2
Nic Claxton,25,LeBron James,24.719957432090144,3.0453144094085407,2023-24,V2
Nic Claxton,25,Kareem Abdul-Jabbar,23.68155813823022,3.222695120662919,2023-24,V2
Nick Richards,26,Magic Johnson,24.603516797721962,3.0644595982822667,2023-24,V2
Nick Richards,26,Kareem Abdul-Jabbar,24.16456860296796,3.1382903060689324,2023-24,V2
Nick Richards,26,Michael Jordan,23.38912283547565,3.275491676341284,2023-24,V2
Nick Richards,26,Larry Bird,23.11017792560412,3.327097797425803,2023-24,V2
Nick Richards,26,LeBron James,22.727320264885083,3.3999907967374985,2023-24,V2
Nick Smith Jr.,20,LeBron James,23.340283259485062,3.284438148768475,2023-24,V2
Nick Smith Jr.,20,Magic Johnson,23.06070870046625,3.336380173692501,2023-24,V2
Nickeil Alexander-Walker,25,Larry Bird,26.371515502198637,2.7919701653726663,2023-24,V2
Nickeil Alexander-Walker,25,Magic Johnson,22.843218274730123,3.377666876765044,2023-24,V2
Nickeil Alexander-Walker,25,Michael Jordan,22.20907567981743,3.5026637506969878,2023-24,V2
Nickeil Alexander-Walker,25,LeBron James,20.458858999878554,3.8878581156746628,2023-24,V2
Nickeil Alexander-Walker,25,Kareem Abdul-Jabbar,19.184762894764827,4.212469945473664,2023-24,V2
Nikola Jović,21,Magic Johnson,30.154739915409937,2.316228237435307,2023-24,V2
Nikola Jović,21,LeBron James,27.603812113621235,2.6226880399122305,2023-24,V2
OG Anunoby,26,Larry Bird,25.887349552267114,2.862890629189282,2023-24,V2
OG Anunoby,26,Magic Johnson,24.62327133606951,3.0611987999139068,2023-24,V2
OG Anunoby,26,LeBron James,23.753938385882737,3.2098282135576834,2023-24,V2
OG Anunoby,26,Kareem Abdul-Jabbar,22.569695698059885,3.430719905922174,2023-24,V2
OG Anunoby,26,Michael Jordan,22.466800023048258,3.451012155599014,2023-24,V2
Obi Toppin,26,Magic Johnson,24.46014860158377,3.0882826032187345,2023-24,V2
Obi Toppin,26,Larry Bird,23.80198406097051,3.2013304329522585,2023-24,V2
Obi Toppin,26,Kareem Abdul-Jabbar,23.358983397816246,3.281008222701536,2023-24,V2
Obi Toppin,26,LeBron James,22.796304751587712,3.386675870923125,2023-24,V2
Obi Toppin,26,Michael Jordan,22.767818930474967,3.3921642343241296,2023-24,V2
Ochai Agbaji,24,Larry Bird,25.913723772299143,2.8589590935941236,2023-24,V2
Ochai Agbaji,24,Michael Jordan,23.956302160891557,3.1742669352054285,2023-24,V2
Ochai Agbaji,24,Magic Johnson,19.031437200812924,4.25446391383035,2023-24,V2
Ochai Agbaji,24,LeBron James,18.654518559614775,4.360631510292113,2023-24,V2
Ochai Agbaji,24,Kareem Abdul-Jabbar,16.902647560900053,4.916232923848237,2023-24,V2
Olivier-Maxence Prosper,21,Magic Johnson,21.149323620154778,3.728283598852424,2023-24,V2
Olivier-Maxence Prosper,21,LeBron James,20.55299250548299,3.865471535267805,2023-24,V2
Omer Yurtseven,26,Larry Bird,22.707349347300152,3.403860550632245,2023-24,V2
Omer Yurtseven,26,Magic Johnson,21.391307748096683,3.674796004881826,2023-24,V2
Omer Yurtseven,26,LeBron James,20.79296572224047,3.8093187540360574,2023-24,V2
Omer Yurtseven,26,Kareem Abdul-Jabbar,19.68304022841304,4.080515958893743,2023-24,V2
Omer Yurtseven,26,Michael Jordan,19.592486528773755,4.1039973845657025,2023-24,V2
Onyeka Okongwu,23,Kareem Abdul-Jabbar,36.66915142986863,1.7270879226985774,2023-24,V2
Onyeka Okongwu,23,Magic Johnson,34.95621385197369,1.8607217138406942,2023-24,V2
Onyeka Okongwu,23,Larry Bird,33.83663588523365,1.955376543317657,2023-24,V2
Onyeka Okongwu,23,LeBron James,26.478499163967765,2.7766490986045427,2023-24,V2
Oshae Brissett,26,Larry Bird,21.130705567918305,3.7324496419951543,2023-24,V2
Oshae Brissett,26,Magic Johnson,19.667066687713476,4.084642340816009,2023-24,V2
Oshae Brissett,26,LeBron James,19.323522814215696,4.175039818641827,2023-24,V2
Oshae Brissett,26,Kareem Abdul-Jabbar,18.104788925737044,4.523400488687498,2023-24,V2
Oshae Brissett,26,Michael Jordan,18.09085604113117,4.527654400247347,2023-24,V2
P.J. Washington,25,Larry Bird,27.63888469574867,2.618091001167703,2023-24,V2
P.J. Washington,25,Magic Johnson,22.019115565084633,3.5415084772327745,2023-24,V2
P.J. Washington,25,Michael Jordan,21.982187825177817,3.5491377289326334,2023-24,V2
P.J. Washington,25,LeBron James,20.7512212893811,3.8189934753947425,2023-24,V2
P.J. Washington,25,Kareem Abdul-Jabbar,18.645928471207192,4.363101127113017,2023-24,V2
Paolo Banchero,21,Magic Johnson,36.59617886694611,1.732525719790942,2023-24,V2
Paolo Banchero,21,LeBron James,35.68716034010682,1.8021282457605783,2023-24,V2
Patrick Williams,22,Michael Jordan,30.86466948864695,2.2399504565173887,2023-24,V2
Patrick Williams,22,LeBron James,29.8705028593915,2.3477842830677114,2023-24,V2
Patrick Williams,22,Magic Johnson,27.631157240741395,2.619102852939967,2023-24,V2
Paul Reed,25,Larry Bird,27.68649773300703,2.611868895963065,2023-24,V2
Paul Reed,25,Magic Johnson,23.709191884287566,3.217773447869874,2023-24,V2
Paul Reed,25,Michael Jordan,22.993473201470795,3.349060236519788,2023-24,V2
Paul Reed,25,LeBron James,21.205612333349674,3.7157327233947335,2023-24,V2
Paul Reed,25,Kareem Abdul-Jabbar,19.76955410192075,4.058283028765141,2023-24,V2
Payton Pritchard,26,Larry Bird,25.214251292621878,2.966011079982443,2023-24,V2
Payton Pritchard,26,Magic Johnson,24.074448144218902,3.1537816111483084,2023-24,V2
Payton Pritchard,26,LeBron James,23.170902458446623,3.315757669746973,2023-24,V2
Payton Pritchard,26,Kareem Abdul-Jabbar,22.123010071261987,3.520180557613225,2023-24,V2
Payton Pritchard,26,Michael Jordan,21.977874204681687,3.5500305929814715,2023-24,V2
Peyton Watson,21,Magic Johnson,25.323049690689736,2.948971439911756,2023-24,V2
Peyton Watson,21,LeBron James,24.087460031427117,3.151537765689248,2023-24,V2
Precious Achiuwa,24,Larry Bird,32.40881523865422,2.0855802430176253,2023-24,V2
Precious Achiuwa,24,Michael Jordan,30.432124641306064,2.2860012627665247,2023-24,V2
Precious Achiuwa,24,Magic Johnson,23.090492743986047,3.330786748846888,2023-24,V2
Precious Achiuwa,24,LeBron James,21.64010983129968,3.621048635130431,2023-24,V2
Precious Achiuwa,24,Kareem Abdul-Jabbar,19.940121555975914,4.0150145634408485,2023-24,V2
Quentin Grimes,24,Larry Bird,27.018624074552264,2.701150721963888,2023-24,V2
Quentin Grimes,24,Michael Jordan,25.182526773116656,2.971007393378569,2023-24,V2
Quentin Grimes,24,Magic Johnson,19.947097011832543,4.013260823902364,2023-24,V2
Quentin Grimes,24,LeBron James,19.28670308403564,4.184919349060437,2023-24,V2
Quentin Grimes,24,Kareem Abdul-Jabbar,17.671363948347373,4.658872755509741,2023-24,V2
RJ Barrett,24,Larry Bird,41.692794186824855,1.3984959979391482,2023-24,V2
RJ Barrett,24,Michael Jordan,41.34445895015732,1.418703800684747,2023-24,V2
RJ Barrett,24,Magic Johnson,28.832099112977414,2.468356556633426,2023-24,V2
RJ Barrett,24,LeBron James,25.192770260502446,2.9693927649068947,2023-24,V2
RJ Barrett,24,Kareem Abdul-Jabbar,23.617777411619755,3.2340986730953274,2023-24,V2
Rui Hachimura,26,Larry Bird,25.405724756214934,2.9361207349747924,2023-24,V2
Rui Hachimura,26,Magic Johnson,24.96433495358811,3.0057145598275614,2023-24,V2
Rui Hachimura,26,LeBron James,23.67917866544431,3.2231194507575047,2023-24,V2
Rui Hachimura,26,Kareem Abdul-Jabbar,23.189267255532318,3.3123397948739743,2023-24,V2
Rui Hachimura,26,Michael Jordan,22.876464177276464,3.371304902063122,2023-24,V2
Saddiq Bey,25,Larry Bird,28.69300737752666,2.4851697029961177,2023-24,V2
Saddiq Bey,25,Magic Johnson,22.953328701838185,3.356666577601516,2023-24,V2
Saddiq Bey,25,Michael Jordan,22.75331070322792,3.3949648165184767,2023-24,V2
Saddiq Bey,25,LeBron James,21.398932001632318,3.6731304156848554,2023-24,V2
Saddiq Bey,25,Kareem Abdul-Jabbar,19.28516992996823,4.185331545593736,2023-24,V2
Sam Hauser,26,Larry Bird,24.074047830066043,3.1538506821071506,2023-24,V2
Sam Hauser,26,Magic Johnson,23.693364623369185,3.220590937150743,2023-24,V2
Sam Hauser,26,LeBron James,22.46262289834349,3.451839860935141,2023-24,V2
Sam Hauser,26,Kareem Abdul-Jabbar,22.092298575929114,3.5264642633861563,2023-24,V2
Sam Hauser,26,Michael Jordan,21.747748713001094,3.5981770950028804,2023-24,V2
Sandro Mamukelashvili,25,Larry Bird,24.609008126310666,3.063552642460434,2023-24,V2
Sandro Mamukelashvili,25,Magic Johnson,21.12781652991499,3.733096761722133,2023-24,V2
Sandro Mamukelashvili,25,Michael Jordan,20.804068115825782,3.8067521911221482,2023-24,V2
Sandro Mamukelashvili,25,LeBron James,19.277252884887943,4.187461128260304,2023-24,V2
Sandro Mamukelashvili,25,Kareem Abdul-Jabbar,17.99185177495427,4.558071578780232,2023-24,V2
Santi Aldama,23,Larry Bird,39.11213157323939,1.5567514726919216,2023-24,V2
Santi Aldama,23,Kareem Abdul-Jabbar,30.8284007491731,2.2437621663745326,2023-24,V2
Santi Aldama,23,Magic Johnson,26.042125511785034,2.839932341726341,2023-24,V2
Santi Aldama,23,LeBron James,25.578657293937674,2.9095093558214535,2023-24,V2
Scoot Henderson,20,LeBron James,27.253734022666908,2.6692219831906367,2023-24,V2
Scoot Henderson,20,Magic Johnson,24.221454449180627,3.128571230510183,2023-24,V2
Scottie Barnes,22,LeBron James,45.421364104929246,1.2016071505247403,2023-24,V2
Scottie Barnes,22,Michael Jordan,44.56420506395379,1.24395341185803,2023-24,V2
Scottie Barnes,22,Magic Johnson,41.605861734255896,1.4035074826407379,2023-24,V2
Shai Gilgeous-Alexander,25,Larry Bird,53.081957630859414,0.8838792776901014,2023-24,V2
Shai Gilgeous-Alexander,25,Magic Johnson,46.41034943920875,1.1546918135358237,2023-24,V2
Shai Gilgeous-Alexander,25,Michael Jordan,42.45891394644848,1.3552180379866876,2023-24,V2
Shai Gilgeous-Alexander,25,LeBron James,38.577294633550316,1.592198363050345,2023-24,V2
Shai Gilgeous-Alexander,25,Kareem Abdul-Jabbar,33.79388361876803,1.9591153573264732,2023-24,V2
Shake Milton,27,Larry Bird,20.3484129213006,3.9143881828405678,2023-24,V2
Shake Milton,27,Kareem Abdul-Jabbar,18.20632768032099,4.492595857652768,2023-24,V2
Shake Milton,27,Magic Johnson,17.787835130456152,4.621819589995019,2023-24,V2
Shake Milton,27,Michael Jordan,17.666048076431842,4.66057556094899,2023-24,V2
Shake Milton,27,LeBron James,17.144542060854075,4.832760049527878,2023-24,V2
Svi Mykhailiuk,27,Larry Bird,21.560202801796283,3.6381752954414934,2023-24,V2
Svi Mykhailiuk,27,Kareem Abdul-Jabbar,20.28213574946686,3.9304472287948573,2023-24,V2
Svi Mykhailiuk,27,Michael Jordan,19.83601693467791,4.041334675671558,2023-24,V2
Svi Mykhailiuk,27,Magic Johnson,19.770403338789528,4.05806575042402,2023-24,V2
Svi Mykhailiuk,27,LeBron James,19.138325152463576,4.225117621492993,2023-24,V2
Talen Horton-Tucker,23,Larry Bird,31.805801574210232,2.144080483765739,2023-24,V2
Talen Horton-Tucker,23,Kareem Abdul-Jabbar,25.78621010106691,2.8780417753542804,2023-24,V2
Talen Horton-Tucker,23,LeBron James,22.668759708673306,3.411357360753131,2023-24,V2
Talen Horton-Tucker,23,Magic Johnson,22.34279718381029,3.4757153357888666,2023-24,V2
Taylor Hendricks,20,Magic Johnson,30.93971981610531,2.232091324496939,2023-24,V2
Taylor Hendricks,20,LeBron James,28.727806349620575,2.480947998012412,2023-24,V2
Terance Mann,27,Larry Bird,23.560967330758416,3.244307909609968,2023-24,V2
Terance Mann,27,Kareem Abdul-Jabbar,23.00259483388491,3.3473356254873874,2023-24,V2
Terance Mann,27,Michael Jordan,22.617974700387283,3.4212623510577953,2023-24,V2
Terance Mann,27,Magic Johnson,22.433401526341473,3.4576387527579904,2023-24,V2
Terance Mann,27,LeBron James,21.795753140744047,3.5880497615411273,2023-24,V2
Toumani Camara,24,Larry Bird,30.898399549629296,2.236413583149479,2023-24,V2
Toumani Camara,24,Michael Jordan,29.217164302307637,2.4226456395736453,2023-24,V2
Toumani Camara,24,Magic Johnson,22.57879565042057,3.4289341888851954,2023-24,V2
Toumani Camara,24,LeBron James,21.159539702158185,3.7260007262729076,2023-24,V2
Toumani Camara,24,Kareem Abdul-Jabbar,19.670352958878098,4.0837928637607686,2023-24,V2
Trae Young,25,Larry Bird,37.889569145137976,1.6392488026703276,2023-24,V2
Trae Young,25,Magic Johnson,28.9909466245286,2.4493526994869566,2023-24,V2
Trae Young,25,Michael Jordan,28.0396327979727,2.566380512915637,2023-24,V2
Trae Young,25,LeBron James,27.336691298718215,2.6580871806050967,2023-24,V2
Trae Young,25,Kareem Abdul-Jabbar,23.71542179008997,3.2166654628840416,2023-24,V2
Trayce Jackson-Davis,24,Michael Jordan,28.305880465550313,2.5328348157798892,2023-24,V2
Trayce Jackson-Davis,24,Magic Johnson,27.992024789895428,2.5724461074390743,2023-24,V2
Trayce Jackson-Davis,24,Kareem Abdul-Jabbar,26.18635287939464,2.8187830302511276,2023-24,V2
Trayce Jackson-Davis,24,Larry Bird,25.670001044877527,2.8955978157217523,2023-24,V2
Trayce Jackson-Davis,24,LeBron James,22.043190931902043,3.5365482841812548,2023-24,V2
Tre Jones,24,Michael Jordan,38.55979837907409,1.5933745559797514,2023-24,V2
Tre Jones,24,Larry Bird,38.07579435090616,1.6263404796864103,2023-24,V2
Tre Jones,24,Magic Johnson,28.408147393704056,2.520116909213251,2023-24,V2
Tre Jones,24,LeBron James,24.55015446703735,3.073294126693442,2023-24,V2
Tre Jones,24,Kareem Abdul-Jabbar,23.704899010513998,3.2185372717954337,2023-24,V2
Tre Mann,23,Larry Bird,40.86537247825938,1.4470595503124455,2023-24,V2
Tre Mann,23,Kareem Abdul-Jabbar,32.66457920177652,2.0614201206229326,2023-24,V2
Tre Mann,23,Magic Johnson,27.51986750756519,2.633738424522214,2023-24,V2
Tre Mann,23,LeBron James,26.202263663528104,2.816464153026354,2023-24,V2
Trendon Watford,23,Larry Bird,34.50993996667088,1.8977158493053978,2023-24,V2
Trendon Watford,23,Kareem Abdul-Jabbar,31.480481373044714,2.1765715020363503,2023-24,V2
Trendon Watford,23,Magic Johnson,28.003807769949734,2.570942952526184,2023-24,V2
Trendon Watford,23,LeBron James,24.473893609471194,3.085986545324396,2023-24,V2
Trey Murphy III,24,Michael Jordan,37.06067497361564,1.6982778935136056,2023-24,V2
Trey Murphy III,24,Larry Bird,35.25326225731488,1.8366169142048825,2023-24,V2
Trey Murphy III,24,Magic Johnson,29.05433947513231,2.4418266533159456,2023-24,V2
Trey Murphy III,24,Kareem Abdul-Jabbar,24.595608836756615,3.065766400161487,2023-24,V2
Trey Murphy III,24,LeBron James,24.34990080260023,3.106792911013476,2023-24,V2
Troy Brown Jr.,24,Larry Bird,25.941742881543078,2.8547911162571724,2023-24,V2
Troy Brown Jr.,24,Michael Jordan,24.18547052812264,3.134713851596186,2023-24,V2
Troy Brown Jr.,24,Magic Johnson,19.3272611612201,4.174038844192197,2023-24,V2
Troy Brown Jr.,24,LeBron James,18.781860388630268,4.324286195873104,2023-24,V2
Troy Brown Jr.,24,Kareem Abdul-Jabbar,17.209440035064137,4.810764312856813,2023-24,V2
Tyler Herro,24,Larry Bird,42.5165335316566,1.352026181192379,2023-24,V2
Tyler Herro,24,Michael Jordan,39.79078820779636,1.5131444865524586,2023-24,V2
Tyler Herro,24,Magic Johnson,27.22200093109798,2.6734992498571843,2023-24,V2
Tyler Herro,24,LeBron James,24.74534262868718,3.0411644930739574,2023-24,V2
Tyler Herro,24,Kareem Abdul-Jabbar,22.319993998585293,3.4802879430137077,2023-24,V2
Tyrese Haliburton,24,Michael Jordan,56.84881640191022,0.7590515744957502,2023-24,V2
Tyrese Haliburton,24,Larry Bird,48.91086623688771,1.0445354518089018,2023-24,V2
Tyrese Haliburton,24,Magic Johnson,36.101896572599145,1.7699375792876948,2023-24,V2
Tyrese Haliburton,24,LeBron James,29.007513535420195,2.447382688553882,2023-24,V2
Tyrese Haliburton,24,Kareem Abdul-Jabbar,27.454587030076926,2.6423785901586663,2023-24,V2
Tyrese Maxey,23,Larry Bird,65.42053983539215,0.5285719171932078,2023-24,V2
Tyrese Maxey,23,Kareem Abdul-Jabbar,45.79697518587697,1.1835503238833631,2023-24,V2
Tyrese Maxey,23,Magic Johnson,34.9841251033081,1.8584393551275056,2023-24,V2
Tyrese Maxey,23,LeBron James,33.48705752480503,1.986228333914573,2023-24,V2
Victor Wembanyama,20,LeBron James,49.10037626741859,1.036644270409731,2023-24,V2
Victor Wembanyama,20,Magic Johnson,37.2852861554289,1.6820231332846984,2023-24,V2
Vince Williams Jr.,23,Larry Bird,45.68459516926054,1.1889216623131262,2023-24,V2
Vince Williams Jr.,23,Kareem Abdul-Jabbar,38.830035734741394,1.575325984326344,2023-24,V2
Vince Williams Jr.,23,Magic Johnson,32.32251192196985,2.0938189532240306,2023-24,V2
Vince Williams Jr.,23,LeBron James,28.40980334060075,2.5199117290998263,2023-24,V2
Walker Kessler,22,Michael Jordan,39.00757891265117,1.5636043760605558,2023-24,V2
Walker Kessler,22,Magic Johnson,33.64118575737935,1.9725468276059372,2023-24,V2
Walker Kessler,22,LeBron James,29.999785125582708,2.333357208439593,2023-24,V2
Wendell Carter Jr.,25,Larry Bird,29.731045916594958,2.363487456194169,2023-24,V2
Wendell Carter Jr.,25,Magic Johnson,27.448980350814367,2.643122575845815,2023-24,V2
Wendell Carter Jr.,25,Michael Jordan,25.461345466482097,2.927522217223057,2023-24,V2
Wendell Carter Jr.,25,LeBron James,23.1677410277481,3.3163465907284433,2023-24,V2
Wendell Carter Jr.,25,Kareem Abdul-Jabbar,22.28159016233782,3.488010024034472,2023-24,V2
Xavier Tillman,25,Larry Bird,21.577016321885235,3.634561076851554,2023-24,V2
Xavier Tillman,25,Michael Jordan,17.883409831097595,4.591774775865688,2023-24,V2
Xavier Tillman,25,Magic Johnson,17.54029164230702,4.701159481225553,2023-24,V2
Xavier Tillman,25,LeBron James,17.113780554509354,4.843244260465332,2023-24,V2
Xavier Tillman,25,Kareem Abdul-Jabbar,15.416129623149859,5.486712452769827,2023-24,V2
Zach Collins,26,Larry Bird,25.26064272951691,2.958727458789107,2023-24,V2
Zach Collins,26,Magic Johnson,23.46960498648838,3.260830127203705,2023-24,V2
Zach Collins,26,LeBron James,22.978961810271645,3.351806701523816,2023-24,V2
Zach Collins,26,Michael Jordan,21.433323117840956,3.665632083750964,2023-24,V2
Zach Collins,26,Kareem Abdul-Jabbar,21.396683625952328,3.673621470885733,2023-24,V2
Zeke Nnaji,23,Larry Bird,28.589486564961575,2.497789293024836,2023-24,V2
Zeke Nnaji,23,Kareem Abdul-Jabbar,24.266923323400956,3.120835536805298,2023-24,V2
Zeke Nnaji,23,Magic Johnson,21.5109284477552,3.64879980624154,2023-24,V2
Zeke Nnaji,23,LeBron James,20.98602927946609,3.765074834706612,2023-24,V2
Ziaire Williams,22,LeBron James,26.4798784839222,2.7764523753655834,2023-24,V2
Ziaire Williams,22,Michael Jordan,25.953118418626136,2.8531015189385336,2023-24,V2
Ziaire Williams,22,Magic Johnson,23.86550738914215,3.190147662458499,2023-24,V2
Zion Williamson,23,Larry Bird,63.667884516930414,0.5706505840225968,2023-24,V2
Zion Williamson,23,Kareem Abdul-Jabbar,57.97306797178933,0.7249388983288185,2023-24,V2
Zion Williamson,23,Magic Johnson,42.115246491100294,1.3744370110983868,2023-24,V2
Zion Williamson,23,LeBron James,34.78915726820129,1.8744588214387148,2023-24,V2
